question_id,area,standard,question_type,question,reference_answer,majority_label,judge_Nemotron 3 Super 120b a12,judge_Gemini Flash 3,judge_OSS 120b,rationale_Gemini Flash 3,rationale_Nemotron 3 Super 120b a12,rationale_OSS 120b,drop_reason
HS-PS1-067,HS-PS1,HS-PS1-2,applied,"Carbon dioxide (CO₂) forms when carbon burns in excess oxygen, but carbon monoxide (CO) forms when oxygen is limited. Using electron sharing, predict which product is more stable and why.","CO₂ is more stable because carbon forms four covalent bonds (two double bonds with two oxygen atoms), fully using its four outermost electrons and satisfying the octet for all atoms involved. In CO, carbon only forms a triple bond with one oxygen atom and does not fully satisfy its bonding capacity, making it less stable and more reactive.",0,0,1,0,The answer correctly identifies CO₂ as the more stable product and provides a clear explanation based on carbon's valence electrons and the typical pattern of carbon forming four covalent bonds to reach its most stable state.,"The reference answer incorrectly states that carbon in CO does not fully satisfy its bonding capacity and ignores that CO also meets the octet rule, undermining the explanation despite correctly identifying CO₂ as more stable.","The answer misstates CO's bonding, claiming carbon's bonding capacity is unsatisfied, which is inaccurate, so the explanation is misleading and incomplete.",judge_disagreement
HS-PS3-008,HS-PS3,HS-PS3-2,recall,What is the difference between temperature and thermal energy?,"Temperature measures the average kinetic energy of the particles in a substance, while thermal energy is the total kinetic energy of all the particles. A larger object can have more thermal energy than a smaller one even at the same temperature.",0,0,0,1,"The reference answer is inadequate for standard HS-PS3-2 because it defines thermal energy as only the total kinetic energy, omitting the energy associated with the relative position of particles (potential energy).","The answer correctly notes temperature as average kinetic energy and thermal energy as total kinetic energy, but it omits the potential‑energy component that the standard requires to account for macroscopic energy as both motion and position energies, making it inadequate.","The answer correctly distinguishes temperature as average kinetic energy per particle from thermal energy as the total kinetic energy of all particles, providing a complete high‑school level explanation.",judge_disagreement
HS-PS3-033,HS-PS3,HS-PS3-2,conceptual,"Why does a gas expand to fill its container, and how does this relate to particle energy?","Gas particles are in constant random motion (kinetic energy), so they naturally spread out and collide with all walls of the container. Their kinetic energy drives them to move in all directions, filling the available space.",0,1,0,0,"The answer only addresses the motion of particles (kinetic energy) and fails to include the energy associated with the relative position of particles (potential energy), which is a required component of standard HS-PS3-2.","The answer correctly attributes gas expansion to the kinetic energy of particles moving randomly, which aligns with the standard's focus on particle motion energy as a component of macroscopic energy.","The answer only mentions kinetic energy and omits discussion of the energy related to particle positions, which is required by the standard.",judge_disagreement
HS-PS3-034,HS-PS3,HS-PS3-2,conceptual,How can two objects at the same temperature have different amounts of thermal energy?,"Thermal energy depends on both the average kinetic energy per particle (temperature) and the total number of particles. A larger or denser object has more particles, so even at the same temperature it contains more total thermal energy.",1,0,1,1,"The answer accurately explains that thermal energy is an extensive property dependent on the total number of particles, whereas temperature is an intensive property reflecting the average kinetic energy per particle.","The answer correctly notes that thermal energy depends on particle count and average kinetic energy, but omits the potential energy component of internal energy, making it incomplete for the standard which requires accounting for both motion and position energies.","The answer correctly explains that identical temperatures mean equal average kinetic energy per particle, but total thermal energy varies with the number of particles, accounting for differences between objects.",judge_disagreement
HS-PS3-047,HS-PS3,HS-PS3-5,conceptual,Why do two positive charges repel each other even when they are not physically touching?,"Each positive charge creates an electric field in the space around it. When two positive charges are near each other, each charge experiences a force from the other's electric field, and because the fields point in the same direction, the force pushes the charges apart.",0,0,0,1,"The explanation is scientifically inaccurate because the electric fields of two positive charges point in opposite directions relative to each other, and the answer fails to address the changes in energy required by the standard.","The answer incorrectly claims the electric fields point in the same direction; in reality, each charge experiences a field from the other that points away from that other charge, producing a repulsive force.","The answer correctly explains repulsion using electric fields and the resulting forces, providing a valid model consistent with the standard.",judge_disagreement
HS-PS3-078,HS-PS3,HS-PS3-4,applied,"Two identical styrofoam cups — one holding hot tea at 90°C and one holding iced water at 0°C — are combined into a larger insulated container. Predict whether the final temperature will be closer to 0°C, 45°C, or 90°C, and explain why.","The final temperature will be approximately 45°C, roughly halfway between the two starting temperatures. Because the cups hold equal masses of water with the same specific heat, the energy lost by the hot tea equals the energy gained by the iced water, yielding an intermediate equilibrium.",1,1,0,1,"The term 'iced water' implies the presence of ice, which requires significant latent heat to melt, meaning the final equilibrium temperature would be much lower than the 45°C predicted by the reference answer.","The answer correctly states that with equal masses and identical specific heat, the equilibrium temperature is the average of 90°C and 0°C, i.e., about 45°C, which satisfies the standard's requirement.","The answer correctly predicts an intermediate temperature (~45 °C) and provides a valid explanation based on equal masses and heat exchange, satisfying the question and standard.",judge_disagreement
HS-PS3-085,HS-PS3,HS-PS3-5,applied,An electron moves toward a negatively charged metal plate. Predict what the electric field does to the electron before it reaches the plate.,"The electric field from the negatively charged plate points toward the plate (away from the surface outward for negative plate, actually the field points away from negative), so the field exerts a repulsive force on the electron, slowing it down and converting its kinetic energy back into electric potential energy.",0,0,0,1,"The answer contains a factual error stating that the electric field points away from a negative charge, when it actually points toward it.","The answer incorrectly describes the electric field direction for a negatively charged plate and includes contradictory statements, making it inaccurate and insufficient.","The answer correctly states that the field of a negatively charged plate points toward the plate, exerts a repulsive force on the electron, and decelerates it, converting kinetic energy to electric potential energy.",judge_disagreement
HS-PS4-024,HS-PS4,HS-PS4-1,conceptual,Why do high-frequency waves have more energy than low-frequency waves of the same type?,"Higher frequency means more wave oscillations occur per second, and each oscillation carries energy. For electromagnetic waves in particular, energy is proportional to frequency (E = hf), so higher frequency corresponds to greater energy per photon or per wave cycle.",1,0,1,1,"The answer accurately explains the physical basis for the frequency-energy relationship in both mechanical and electromagnetic contexts, which is scientifically sound for the high school level.","The answer does not mention or use mathematical representations of the relationships among frequency, wavelength, and speed required by HS‑PS4‑1, making it incomplete for the standard.","The answer correctly explains that higher frequency means more oscillations and that energy is proportional to frequency (E = hf), providing a valid scientific explanation.",judge_disagreement
HS-LS1-049,HS-LS1,HS-LS1-1,applied,A scientist inserts the human insulin gene into bacteria. Predict what protein the bacteria will produce and why.,The bacteria will produce human insulin because they use the same genetic code to translate DNA into protein. The inserted gene provides the DNA sequence that bacterial ribosomes transcribe and translate into the correct amino acid sequence for insulin.,1,1,0,1,"The answer contains a significant biological error by stating that ribosomes transcribe DNA, whereas transcription is performed by RNA polymerase and ribosomes only perform translation.","The answer correctly explains that bacteria will produce human insulin because they share the universal genetic code and can transcribe and translate the inserted gene into the insulin amino acid sequence, which aligns with HS-LS1-1.",The answer correctly predicts that the bacteria will produce human insulin and explains that the shared genetic code allows the inserted DNA to be transcribed and translated into the insulin protein.,judge_disagreement
HS-LS2-014,HS-LS2,HS-LS2-1,conceptual,How does the introduction of an invasive species lower the carrying capacity for native species?,"Invasive species compete with native species for the same limited resources—such as food, water, or territory—reducing the share available to natives, which lowers the number of native individuals the ecosystem can support.",1,0,1,1,The answer correctly identifies competition for limited resources as the primary mechanism by which invasive species reduce the carrying capacity for native populations.,The answer correctly describes resource competition but does not include a mathematical or computational representation to support the explanation as required by HS‑LS2‑1.,"The answer correctly explains that invasive species compete for limited resources, reducing the resources available to natives and thus lowering their carrying capacity.",judge_disagreement
HS-LS2-016,HS-LS2,HS-LS2-1,conceptual,How does a drought affect the carrying capacity of a grassland ecosystem for herbivores?,"Drought reduces plant growth and therefore the total amount of food available; with less vegetation to consume, the ecosystem can support fewer herbivores, lowering its carrying capacity for those animals.",1,0,1,1,The answer accurately explains the causal link between a reduction in a limiting resource (water/food) and the resulting decrease in the ecosystem's carrying capacity.,"While the answer correctly describes the effect of drought on carrying capacity, it does not include any mathematical or computational representation as required by the standard.","The answer correctly identifies that drought reduces plant productivity, decreasing food availability and thus lowering the ecosystem's carrying capacity for herbivores.",judge_disagreement
HS-LS2-038,HS-LS2,HS-LS2-1,applied,"A forest can support 200 deer when there are no wolves present. Wolves are reintroduced and begin preying on deer. How does the carrying capacity for deer most likely change, and why?","The effective population size that the ecosystem can sustain long-term may remain similar, but wolf predation acts as a regulating factor that keeps deer numbers at or below carrying capacity, preventing overgrazing that would otherwise reduce the habitat's ability to support deer.",0,0,1,0,"The answer correctly distinguishes between the environmental carrying capacity and population regulation, while explaining how predators protect the habitat from overgrazing which preserves that capacity.","The answer lacks a mathematical or computational representation to support the explanation, which is required by HS-LS2-1.","The answer is vague and does not clearly state that carrying capacity will likely decrease (or stay constant) due to wolf predation, making it incomplete and potentially misleading.",judge_disagreement
HS-LS2-041,HS-LS2,HS-LS2-1,applied,"Two islands have the same area but Island A receives twice as much rainfall as Island B, producing more vegetation. If the same species of herbivore is introduced to both islands, which island will have a higher carrying capacity for that species, and why?","Island A will have a higher carrying capacity because greater rainfall supports more plant growth, providing more food resources, which allows more herbivores to survive and reproduce in that habitat.",1,0,1,1,"The answer correctly identifies the relationship between resource availability (rainfall and vegetation) and the carrying capacity of an ecosystem, accurately reflecting the factors described in standard HS-LS2-1.",The answer correctly identifies Island A as having higher carrying capacity but provides only a qualitative explanation without any mathematical or computational representation as required by the standard.,The answer correctly identifies Island A as having a higher carrying capacity and explains it by linking greater rainfall to increased vegetation and food availability for herbivores.,judge_disagreement
HS-LS2-042,HS-LS2,HS-LS2-1,applied,"A coral reef ecosystem currently supports 1,000 fish of a particular species. Ocean temperatures rise, causing coral bleaching that destroys 60% of the reef structure. How would you expect the fish population to respond over time?","The fish population would decline toward a new, lower carrying capacity because the bleaching reduces habitat complexity and food availability; the population will keep falling until it matches the ecosystem's reduced ability to support that species.",1,0,1,1,"The answer correctly identifies that the reduction in habitat and food resources will lower the carrying capacity, leading to a predictable decline in the fish population.",The answer correctly describes a decline to a lower carrying capacity but lacks any mathematical or computational representation to support the explanation as required by HS-LS2-1.,"The answer correctly explains that loss of reef structure lowers habitat complexity and food, reducing carrying capacity and causing the fish population to decline toward a new lower equilibrium.",judge_disagreement
HS-LS2-043,HS-LS2,HS-LS2-2,applied,"A coral reef ecosystem has 200 species of fish, while a nearby degraded reef has only 40 species. If a disease kills 10% of species in each reef, how many species remain in each, and what does this suggest about the relationship between biodiversity and ecosystem resilience?","The healthy reef retains 180 species and the degraded reef retains 36 species. The healthy reef loses fewer species in absolute terms and retains greater functional diversity, meaning higher initial biodiversity provides more resilience against disturbances.",0,0,0,1,"The reference answer incorrectly states that the healthy reef loses fewer species in absolute terms, when in fact it loses 20 species compared to the degraded reef's loss of 4 species.","The healthy reef loses 20 species, which is more in absolute terms than the degraded reef’s loss of 4 species, so the claim that it loses fewer species is incorrect, making the answer misleading.",The answer correctly calculates the remaining species and appropriately explains that higher biodiversity suggests greater ecosystem resilience.,judge_disagreement
HS-LS2-047,HS-LS2,HS-LS2-2,applied,"Two grassland ecosystems each start with 1,000 individuals of a grazing species. Ecosystem A has 3 plant species and Ecosystem B has 25 plant species. If a drought reduces plant biomass by 60% in both, predict which ecosystem's grazing population will decline more steeply and why.","The grazing population in Ecosystem A will decline more steeply because with only 3 plant species, the drought likely eliminates most available food sources. Ecosystem B's greater plant diversity increases the chance that some drought-tolerant species survive, sustaining the grazers.",1,0,1,1,"The answer accurately applies the concept of ecosystem resilience, correctly identifying that higher biodiversity provides a buffer against environmental stressors like drought.","The answer correctly predicts a steeper decline in the low‑diversity ecosystem but fails to include a mathematical representation to support the explanation, which is required by HS‑LS2‑2.",The answer correctly predicts a steeper decline in the low‑diversity ecosystem and explains it using the buffering effect of higher plant species richness.,judge_disagreement
HS-LS2-049,HS-LS2,HS-LS2-3,applied,"A farmer floods a rice paddy, cutting off oxygen to the soil. How does this affect the cycling of carbon compared to a dry, oxygen-rich field?","In the flooded, anaerobic soil, decomposers cannot fully oxidize organic matter, so carbon cycling slows and methane (CH₄) is released instead of carbon dioxide, meaning less carbon is returned to the atmosphere per unit of organic matter broken down compared to the aerobic field.",1,1,0,1,"The statement that less carbon is returned to the atmosphere 'per unit of organic matter broken down' is scientifically inaccurate, as the conservation of mass dictates that all carbon atoms in the metabolized matter are released (primarily as methane and carbon dioxide); the actual difference is th",The answer correctly describes slower anaerobic decomposition leading to methane release and less carbon returned to atmosphere compared to aerobic oxidation.,"The answer correctly explains that anaerobic flooding slows carbon decomposition, shifts products from CO₂ to CH₄, and reduces atmospheric carbon return compared to aerobic conditions.",judge_disagreement
HS-LS3-046,HS-LS3,HS-LS3-3,conceptual,Why do identical twins have the same genotype but can sometimes have different phenotypes?,"Although identical twins share the same DNA sequence, environmental factors such as diet, stress, and chemical exposures can influence gene expression differently in each twin. These environmental effects can cause differences in traits even when the genotype is identical.",1,0,1,1,"The answer accurately explains that environmental factors influence gene expression to create phenotypic differences despite identical genotypes, which is a fundamental concept for understanding trait variation.","The answer correctly notes environmental influences on gene expression but does not explicitly apply statistical or probabilistic concepts to explain phenotypic variation, making it incomplete for HS‑LS3‑3.","The answer correctly explains that environmental influences can affect gene expression, leading to phenotypic differences despite identical genotypes, which addresses the standard.",judge_disagreement
HS-LS3-055,HS-LS3,HS-LS3-1,applied,"A parent has a genetic disorder caused by an extra copy of chromosome 21. What is the probability that their child will inherit the same chromosomal abnormality, and why?","There is an increased probability (approximately 50% in simple models) because during meiosis the parent may pass on a gamete with an extra chromosome 21, though the actual risk depends on the specific chromosomal situation.",1,1,1,0,The answer accurately reflects the Mendelian probability of chromosome segregation during meiosis for an individual with trisomy and correctly identifies the mechanism of inheritance.,"The answer correctly notes that a trisomic parent may pass an extra chromosome 21 in about half of gametes under simple segregation, addressing the probability and the underlying reason.","The answer incorrectly states a ~50% risk and ignores the actual mechanisms (e.g., balanced translocation carriers have much lower, variable risks, while full trisomy 21 parents are typically infertile), making it misleading and incomplete.",judge_disagreement
HS-LS3-076,HS-LS3,HS-LS3-3,applied,"You survey eye color in 1,000 people and find that brown eyes are far more common than blue eyes. How would you use this data to infer which allele is likely at a higher frequency in the population?","Since brown eyes (dominant phenotype) appear more frequently, the dominant allele for brown eyes is likely at a higher frequency in the population; the data suggest the brown-eye allele frequency (p) is greater than the blue-eye allele frequency (q).",0,0,0,1,"The answer is scientifically incorrect because a dominant phenotype can be more frequent than a recessive phenotype even when the recessive allele frequency (q) is higher than the dominant allele frequency (p), such as when the recessive phenotype frequency is 40% (q ≈ 0.63, p ≈ 0.37).","The answer incorrectly assumes that a more common dominant phenotype means the dominant allele is more frequent; under Hardy‑Weinberg, a dominant phenotype can be more common even when the recessive allele is at higher frequency (e.g., p=0.4, q=0.6).","The answer correctly links the higher prevalence of the brown‑eye phenotype to a higher frequency of the brown‑eye allele, which is the inference the question seeks.",judge_disagreement
HS-LS3-081,HS-LS3,HS-LS3-3,applied,"If a sample of 100 students shows 75 with attached earlobes and 25 with free earlobes, and attached earlobes are recessive, does this sample fit Hardy-Weinberg expectations? Calculate to check.","With q² = 0.75, q ≈ 0.866 and p ≈ 0.134. Expected heterozygotes = 2pq × 100 ≈ 23, and expected dominant homozygotes ≈ 2. The sample can be compared to these expected values; the fit or deviation indicates whether Hardy-Weinberg assumptions hold.",0,0,0,0,"The answer is conceptually flawed because you cannot test if a population fits Hardy-Weinberg expectations using only phenotype counts (dominant vs. recessive); allele frequencies must be calculated by assuming equilibrium, making it impossible to determine a 'fit or deviation' without knowing the a","The reference answer correctly calculates allele frequencies and expected genotype numbers but does not conclude whether the sample fits Hardy‑Weinberg expectations, making it inadequate.","The answer provides partial calculations but does not explicitly state whether the sample fits Hardy‑Weinberg expectations, leaving the response incomplete.",unanimous_incorrect
HS-LS4-041,HS-LS4,HS-LS4-2,applied,"A farmer stops using a particular antibiotic on his livestock for five years, then reintroduces it. He notices the bacteria are still largely resistant. Using the four factors of evolution, explain why resistance did not disappear.","Resistance genes are heritable and remain in the population even without antibiotic pressure because there is little direct cost to carrying them. Without the antibiotic selecting against resistant bacteria, the resistant alleles persist in the gene pool and are passed to offspring each generation.",0,0,0,0,"The reference answer is inadequate because it fails to explicitly address all four factors of evolution as requested by the prompt and the HS-LS4-2 standard, specifically omitting the potential for population increase and the role of competition for resources.","The answer mentions heritable variation and lack of selection against resistance but does not address the other three evolutionary factors (reproductive potential, competition for limited resources, and differential survival/reproduction), making it incomplete for the standard.","The answer only addresses heritability and selection pressure, omitting discussion of population growth potential, competition for resources, and the broader fitness advantage required by the four-factor framework.",unanimous_incorrect
HS-LS4-059,HS-LS4,HS-LS4-5,applied,A lake in Africa gradually becomes saltier due to climate-driven evaporation. One fish species has individuals with a genetic mutation that allows their kidneys to handle higher salt concentrations. Predict what happens to that species over many generations.,"The individuals with the salt-tolerant mutation will have higher survival and reproductive success, so that trait will increase in frequency through natural selection, likely causing the overall population size to grow as other less-tolerant competitors decline.",1,0,1,1,The answer accurately applies the principles of natural selection to predict that a beneficial mutation will increase in frequency and potentially lead to population growth as the species adapts to the environmental change.,"The answer correctly describes natural selection increasing the salt‑tolerant trait and population growth, but it omits the possibility of speciation (emergence of a new species) that the standard also expects to be considered.","The answer correctly predicts natural selection will increase the salt‑tolerant trait, leading to higher survival and population growth of the species.",judge_disagreement
HS-ESS1-005,HS-ESS1,HS-ESS1-2,recall,What does it mean when a galaxy's light shows a redshift rather than a blueshift?,"A redshift means the galaxy is moving away from Earth. The greater the redshift, the faster the galaxy is receding.",1,0,1,1,The answer accurately defines redshift as a sign of a galaxy receding and correctly notes the relationship between the amount of shift and the speed of recession.,"The answer correctly describes redshift but does not address what a blueshift would indicate, making it incomplete for the question that asks about redshift versus blueshift.","The answer correctly states that redshift indicates the galaxy is receding from Earth and that greater redshift implies higher recession speed, which sufficiently addresses the question.",judge_disagreement
HS-ESS1-015,HS-ESS1,HS-ESS1-3,recall,What does the term 'stellar evolution' mean in astronomy?,"Stellar evolution refers to the sequence of changes a star undergoes during its lifetime, from its formation in a nebula through various stages until its death as a white dwarf, neutron star, or black hole.",1,0,1,1,"The answer accurately defines stellar evolution as the full life cycle of a star from formation to death, which is the necessary framework for understanding how stars produce elements as per the standard.","The answer correctly defines stellar evolution but fails to mention the production of elements, which is essential for HS‑ESS1‑3, making it incomplete for the standard.","The answer accurately defines stellar evolution as the sequence of changes a star experiences from formation to its end states, which fully addresses the question.",judge_disagreement
HS-ESS1-043,HS-ESS1,HS-ESS1-3,conceptual,How does the mass of a star determine which elements it can produce during its lifetime?,"More massive stars have stronger gravity, generating higher core temperatures and pressures that enable fusion of progressively heavier elements up to iron. Low-mass stars only reach conditions suitable for hydrogen and helium fusion, while only the most massive stars can synthesize elements all the way through the iron group.",1,1,0,1,"The answer is scientifically inaccurate because low-mass stars (like the Sun) can fuse helium into carbon and oxygen, not just hydrogen and helium.","The answer correctly states that greater stellar mass yields higher core temperature and pressure, allowing fusion of heavier elements up to iron, while lower-mass stars cannot achieve the conditions needed for elements beyond helium (or light products), aligning with the standard’s focus on mass-de","The answer accurately explains that higher stellar mass yields higher core temperatures and pressures, allowing fusion of heavier elements up to iron, while low‑mass stars are limited to hydrogen and helium.",judge_disagreement
HS-ESS1-067,HS-ESS1,HS-ESS1-3,applied,Two stars are forming from the same nebula: one is 1 solar mass and the other is 20 solar masses. Predict which star will produce a greater variety of elements and why.,The 20-solar-mass star will produce a greater variety of elements because its much higher core temperatures and pressures allow it to fuse progressively heavier elements all the way up to iron. The 1-solar-mass star will only fuse hydrogen and helium before becoming a white dwarf.,1,1,0,1,"The answer is incorrect because a 1-solar-mass star fuses helium into carbon and oxygen before becoming a white dwarf, not just hydrogen and helium.","The answer correctly states that the 20‑solar‑mass star’s higher core temperatures and pressures allow fusion of progressively heavier elements up to iron, producing a greater variety of elements than the 1‑solar‑mass star, which only fuses hydrogen and helium (and limited helium burning) before bec","The answer correctly explains that the massive star can fuse many heavier elements due to higher core temperatures, while the low‑mass star is limited to hydrogen and helium, thus providing a complete answer.",judge_disagreement
HS-ESS2-081,HS-ESS2,HS-ESS2-5,applied,"A river carrying sediment slows down as it enters a wide, flat valley. What will happen to the sediment the river is carrying, and what landform might develop over time?","As water velocity decreases, the river loses energy and deposits its sediment load; heavier, coarser particles drop out first, followed by finer ones. Over time, this repeated deposition builds up a broad, flat alluvial fan or floodplain.",1,1,1,0,"The answer accurately describes the physical process of sediment deposition based on water velocity and correctly identifies the resulting landforms, satisfying the requirements of the standard.","The answer correctly explains that decreasing water velocity causes sediment deposition with coarse particles settling first, leading over time to a floodplain or alluvial fan, which aligns with the investigation of water’s effects on Earth materials and surface processes.","The answer correctly states that sediment will be deposited as velocity decreases, but it incorrectly suggests an alluvial fan rather than the more appropriate floodplain for a wide, flat valley.",judge_disagreement
HS-ESS2-085,HS-ESS2,HS-ESS2-6,applied,"If phytoplankton populations in the ocean dropped by 50%, how would that affect the amount of carbon transferred from the atmosphere to the deep ocean?","Less carbon would be transferred to the deep ocean because phytoplankton absorb CO₂ through photosynthesis and, when they die, sink and carry that carbon to the ocean floor; a 50% drop would significantly reduce this 'biological pump.'",1,0,1,1,The answer accurately describes the role of phytoplankton in the biological pump and correctly predicts the impact of a population decrease on carbon sequestration.,"The answer correctly states the direction of change but does not provide a quantitative model or estimate of how much carbon transfer would change, as required by HS‑ESS2‑6.","The answer correctly explains that a 50% decline in phytoplankton reduces CO₂ uptake and the biological pump, leading to less carbon transferred to the deep ocean.",judge_disagreement
HS-ESS3-007,HS-ESS3,HS-ESS3-2,recall,What is the difference between a mineral resource and a mineral reserve?,"A mineral resource is the total known concentration of a mineral in Earth's crust, while a mineral reserve is the portion of that resource that can be economically and technically extracted under current conditions.",1,0,1,1,"The answer accurately distinguishes between the total identified occurrence (resource) and the subset that is currently profitable to mine (reserve), which is essential for understanding cost-benefit ratios in resource management.","The answer incorrectly defines a mineral resource as the total known concentration in Earth's crust, ignoring the requirement that resources only include concentrations with reasonable prospects for economic extraction.",The answer correctly distinguishes a mineral resource as the total known concentration and a mineral reserve as the economically and technically extractable portion under current conditions.,judge_disagreement
HS-ETS1-042,HS-ETS1,HS-ETS1-3,conceptual,"Why must engineers consider the entire life cycle of a solution, not just its initial cost, during evaluation?","A solution with a low initial cost may have high maintenance, operation, or disposal costs over time; evaluating the full life cycle gives a more accurate picture of total cost and long-term feasibility.",1,0,1,1,"The answer accurately identifies that life-cycle analysis reveals hidden long-term costs like maintenance and disposal, which is essential for a thorough evaluation of cost and feasibility as required by the standard.","The answer correctly notes life‑cycle cost considerations but omits other criteria (safety, reliability, aesthetics, social, cultural, environmental impacts) required by the standard, making it incomplete.","The answer correctly explains that focusing only on initial cost can overlook higher future costs, and that evaluating the whole life cycle provides a more accurate total cost and feasibility assessment.",judge_disagreement
HS-PS2-078,HS-PS2,HS-PS2-5,recall,What is the right-hand rule used for in electromagnetism?,"The right-hand rule is used to determine the direction of the magnetic field produced around a current-carrying conductor. If you point your right thumb in the direction of the current, your curled fingers point in the direction of the circular magnetic field lines around the wire.",1,0,1,1,"The answer accurately describes the standard application of the right-hand rule for a current-carrying wire, which is a fundamental concept for understanding how electric currents produce magnetic fields as required by the standard.","The answer correctly describes one use of the right-hand rule but omits its applications to magnetic forces on moving charges and induced currents, making it incomplete for the standard.","The answer correctly explains the right‑hand rule’s role in determining the direction of the magnetic field around a current‑carrying wire, which satisfies the question.",judge_disagreement
HS-LS2-075,HS-LS2,HS-LS2-3,recall,"What molecule do decomposers break down, and why is this process important for matter cycling in an ecosystem?","Decomposers break down dead organic matter (such as dead plants and animals). This process returns nutrients like carbon, nitrogen, and phosphorus back into the soil and atmosphere, making them available for use by other organisms.",1,1,1,0,"The answer correctly identifies that decomposers break down organic matter to recycle essential nutrients back into the ecosystem, directly addressing the matter cycling component of the standard.","The answer correctly states that decomposers break down dead organic matter and explains that this returns nutrients like carbon, nitrogen, and phosphorus to the environment, supporting matter cycling in ecosystems.","The answer describes decomposers breaking down dead organic matter rather than specifying a molecule, so it is incomplete and does not directly answer the first part of the question.",judge_disagreement
HS-LS2-081,HS-LS2,HS-LS2-2,conceptual,How does an increase in nutrient runoff (such as nitrogen and phosphorus) into a lake affect the populations of organisms living there?,"Excess nutrients cause rapid algae growth (algal bloom), which blocks sunlight for underwater plants and, when the algae die and decompose, depletes dissolved oxygen in the water. This oxygen depletion (hypoxia) causes fish and other aquatic animals to die off, dramatically reducing population sizes and biodiversity in the lake.",1,0,1,1,"The answer accurately explains the causal chain of eutrophication and its direct impact on biodiversity and population sizes, which are central concepts of the HS-LS2-2 standard.",The answer correctly describes eutrophication effects but does not include any mathematical representation or evidence-based quantitative reasoning required by HS-LS2-2.,"The answer accurately explains eutrophication: nutrient runoff boosts algal growth, leading to oxygen depletion and subsequent declines in fish and overall biodiversity, fully addressing the population effects.",judge_disagreement
HS-LS2-084,HS-LS2,HS-LS2-8,conceptual,How does schooling behavior in fish help individual fish survive predator attacks?,"When fish swim together in a large, coordinated school, it confuses predators by making it difficult to single out and target one individual, a phenomenon called the 'confusion effect.' This group behavior reduces any single fish's chance of being caught, greatly improving individual survival compared to swimming alone.",1,1,1,0,"The answer accurately explains the confusion effect as a mechanism by which schooling improves individual survival, directly addressing the core requirement of standard HS-LS2-8.","The answer correctly identifies the confusion effect of schooling as a mechanism that lowers predation risk for individual fish, which directly addresses how the group behavior enhances survival.","The answer correctly describes the confusion effect but omits other important benefits of schooling such as dilution of risk and increased vigilance, so it is not a fully complete response.",judge_disagreement
HS-LS3-085,HS-LS3,HS-LS3-2,recall,What is the term for errors in DNA copying that can be passed to offspring if they occur in reproductive cells?,"These errors are called replication errors (or DNA replication errors). When they survive without being repaired, they become heritable mutations that can be passed from parent to offspring.",1,1,1,0,"The answer accurately identifies the term 'replication errors' and correctly explains how they become heritable mutations, aligning with the requirements of standard HS-LS3-2.",The answer correctly identifies replication errors as the term and explains how unrepaired errors become heritable mutations in germ cells.,"The answer gives ""replication errors"" instead of the expected term ""germline mutations"" (or ""heritable mutations""), thus it is not fully correct.",judge_disagreement
HS-LS3-094,HS-LS3,HS-LS3-3,conceptual,How does natural selection change the distribution of a trait in a population over many generations?,"Individuals whose trait values improve survival and reproduction pass those alleles on at higher rates, shifting the population's trait distribution toward the favored phenotype over generations. This causes the average of the distribution to move and can reduce variation at the extreme ends.",1,0,1,1,"The answer accurately describes how differential reproductive success leads to shifts in the mean and variance of a trait distribution, directly addressing the statistical components of the standard.","The answer only describes directional selection and implies natural selection always shifts the mean and reduces variation, which is incomplete and potentially misleading for the general question about how natural selection changes trait distribution.","The answer accurately describes how natural selection shifts the trait distribution toward advantageous phenotypes, moving the mean and potentially reducing extreme variation, fulfilling the standard.",judge_disagreement
HS-PS4-083,HS-PS4,HS-PS4-1,recall,"Does the speed of a wave change when it moves from one medium to another, such as from air into water?","Yes, the speed of a wave changes when it enters a different medium because the physical properties of the medium (such as density and elasticity) affect how fast the wave travels.",1,0,1,1,"The answer accurately states that wave speed changes between media and correctly attributes this change to the physical properties of the medium, which is fundamental to understanding the wave speed relationship in HS-PS4-1.",The answer correctly notes that wave speed changes with medium but omits the constant frequency and the mathematical relationship v = fλ needed to fully support the claim per HS-PS4-1.,The answer correctly states that wave speed changes when entering a different medium and provides the appropriate physical reasoning.,judge_disagreement
HS-LS2-085,HS-LS2,HS-LS2-4,recall,What is the 10% rule in energy flow through an ecosystem?,The 10% rule states that only about 10% of the energy stored at one trophic level is transferred to the next trophic level; the remaining 90% is lost as heat or used for the organism's own metabolic processes.,1,0,1,1,"The answer accurately defines the 10% rule and provides the correct biological reasons for the loss of energy, satisfying the requirements of the energy flow standard.",The answer correctly states the 10% rule but lacks a mathematical representation as required by HS-LS2-4.,"The answer accurately defines the 10% rule as the approximate proportion of energy transferred between trophic levels, noting that the rest is lost as heat or used in metabolism.",judge_disagreement
HS-PS3-098,HS-PS3,HS-PS3-2,recall,"What is thermal energy, in terms of the particles that make up a substance?",Thermal energy is the total kinetic energy of all the randomly moving particles (atoms and molecules) within a substance. Higher thermal energy means the particles are moving faster on average.,1,0,1,1,"The answer accurately defines thermal energy as the total kinetic energy of particles, which directly addresses the 'motion of particles' component of the HS-PS3-2 standard.","The answer only describes kinetic energy and neglects the potential energy component from particle positions, making it incomplete for the standard.","The answer correctly defines thermal energy as the total kinetic energy of the randomly moving particles, which matches the expected explanation for this standard.",judge_disagreement
HS-ESS1-094,HS-ESS1,HS-ESS1-1,applied,"If the Sun were to run out of hydrogen fuel in its core, what would happen to the energy Earth receives from the Sun, and how would that affect life on Earth?","If the Sun exhausted its hydrogen fuel, nuclear fusion in the core would slow and eventually stop, drastically reducing the energy radiated toward Earth. Without that incoming solar radiation, temperatures on Earth would plummet, making it impossible to sustain most life forms.",0,0,0,0,"The answer is scientifically inaccurate because the Sun will transition into a red giant after core hydrogen exhaustion, causing temperatures on Earth to rise dramatically rather than plummet.","The reference answer incorrectly states that the Sun's energy output would drastically drop when core hydrogen is exhausted; in reality, the Sun would expand and become more luminous as a red giant, increasing the energy reaching Earth before any eventual decline.","The answer incorrectly says the Sun’s energy would simply drop, omitting the red‑giant expansion and luminosity increase that actually occur before any long‑term cooling, so it is incomplete and misleading.",unanimous_incorrect
HS-ESS2-095,HS-ESS2,HS-ESS2-2,recall,"What is deforestation, and which Earth systems does it directly affect?","Deforestation is the large-scale removal of forests by humans or natural events. It directly affects the biosphere (loss of vegetation), the atmosphere (release of stored carbon dioxide), and the hydrosphere (changes in the water cycle such as reduced evapotranspiration).",0,0,1,0,"The answer accurately defines deforestation and correctly identifies and explains its impact on three major Earth systems, providing sufficient detail for a high school level benchmark.","The answer correctly defines deforestation and identifies biosphere, atmosphere, and hydrosphere impacts, but omits direct effects on the lithosphere (soil erosion and degradation), making it incomplete for the standard.","The answer defines deforestation correctly but omits the lithosphere (soil erosion and land changes), so it is not fully complete.",judge_disagreement
HS-ESS2-098,HS-ESS2,HS-ESS2-5,recall,"What property of water allows it to expand when it freezes, making it less dense as a solid than as a liquid?","When water freezes, its molecules form a hexagonal crystalline lattice structure that spaces them farther apart than in liquid water, causing water to expand and become less dense as ice than as liquid water.",1,1,1,0,"The answer accurately explains that the formation of a hexagonal crystalline lattice increases the spacing between water molecules, correctly accounting for the expansion and decreased density of ice.","The answer correctly describes the hydrogen‑bonded hexagonal lattice that makes ice less dense than liquid water, directly answering the question.",The answer describes the lattice formation but does not identify the underlying property—hydrogen bonding—that causes water to expand upon freezing.,judge_disagreement
HS-ESS3-094,HS-ESS3,HS-ESS3-1,conceptual,Why do large human populations tend to develop near rivers and coastal areas rather than in deserts or mountain ranges?,"Rivers and coastal areas provide reliable access to fresh water, fertile soil, and food resources like fish, which are essential for supporting large populations. These natural resources lower the cost and difficulty of meeting basic human needs, making these locations far more favorable for settlement and agriculture.",1,0,1,1,"The answer accurately explains how the availability of essential natural resources like fresh water and fertile soil drives human settlement patterns, which directly aligns with the requirements of standard HS-ESS3-1.","The answer correctly explains resource-based reasons but omits discussion of natural hazards and climate changes, making it incomplete for the standard.","The answer correctly explains that access to water, fertile soil, and food resources makes rivers and coasts favorable for large populations, addressing the core of the question.",judge_disagreement
