model,area,question_type,n,binary_accuracy,wilson_low,wilson_high,rubric_mean,refusal_rate,run_acc_std
Gemma 3 27b,HS-ESS1,applied,96,0.8333,0.7463,0.8947,0.8854,0.0,0.039
Gemma 3 27b,HS-ESS1,conceptual,96,0.9583,0.8977,0.9837,0.9531,0.0,0.0147
Gemma 3 27b,HS-ESS1,recall,93,0.9892,0.9416,0.9981,,0.0,0.0152
Gemma 3 27b,HS-ESS2,applied,96,0.9688,0.9121,0.9893,0.9844,0.0,0.0255
Gemma 3 27b,HS-ESS2,conceptual,99,0.9293,0.8612,0.9653,0.9545,0.0,0.0286
Gemma 3 27b,HS-ESS2,recall,93,0.9462,0.8803,0.9768,,0.0,0.0152
Gemma 3 27b,HS-ESS3,applied,102,0.951,0.8903,0.9789,0.9657,0.0,0.0139
Gemma 3 27b,HS-ESS3,conceptual,96,0.9896,0.9433,0.9982,0.9948,0.0,0.0147
Gemma 3 27b,HS-ESS3,recall,96,1.0,0.9615,1.0,,0.0,0.0
Gemma 3 27b,HS-ETS1,applied,102,0.9608,0.9035,0.9846,0.9755,0.0,0.0139
Gemma 3 27b,HS-ETS1,conceptual,96,1.0,0.9615,1.0,1.0,0.0,0.0
Gemma 3 27b,HS-ETS1,recall,93,1.0,0.9603,1.0,,0.0,0.0
Gemma 3 27b,HS-LS1,applied,99,0.9697,0.9147,0.9896,0.9798,0.0,0.0
Gemma 3 27b,HS-LS1,conceptual,99,0.9394,0.874,0.9719,0.9596,0.0,0.0247
Gemma 3 27b,HS-LS1,recall,96,0.9688,0.9121,0.9893,,0.0,0.0
Gemma 3 27b,HS-LS2,applied,84,0.8929,0.8088,0.9426,0.9226,0.0,0.0
Gemma 3 27b,HS-LS2,conceptual,87,1.0,0.9577,1.0,1.0,0.0,0.0
Gemma 3 27b,HS-LS2,recall,93,0.9785,0.9249,0.9941,,0.0,0.0152
Gemma 3 27b,HS-LS3,applied,93,0.9892,0.9416,0.9981,0.9892,0.0,0.0152
Gemma 3 27b,HS-LS3,conceptual,93,0.957,0.8946,0.9831,0.9785,0.0,0.0152
Gemma 3 27b,HS-LS3,recall,96,0.9792,0.9272,0.9943,,0.0,0.0147
Gemma 3 27b,HS-LS4,applied,96,0.9792,0.9272,0.9943,0.9896,0.0,0.0295
Gemma 3 27b,HS-LS4,conceptual,96,1.0,0.9615,1.0,1.0,0.0,0.0
Gemma 3 27b,HS-LS4,recall,93,0.9032,0.8262,0.9482,,0.0,0.0
Gemma 3 27b,HS-PS1,applied,99,0.9495,0.8872,0.9782,0.9697,0.0,0.0143
Gemma 3 27b,HS-PS1,conceptual,99,0.9596,0.9007,0.9842,0.9798,0.0,0.0378
Gemma 3 27b,HS-PS1,recall,99,0.9495,0.8872,0.9782,,0.0,0.0286
Gemma 3 27b,HS-PS2,applied,102,0.9314,0.8651,0.9664,0.9559,0.0,0.0139
Gemma 3 27b,HS-PS2,conceptual,99,0.9899,0.945,0.9982,0.9949,0.0,0.0143
Gemma 3 27b,HS-PS2,recall,96,0.9896,0.9433,0.9982,,0.0,0.0147
Gemma 3 27b,HS-PS3,applied,96,0.9062,0.8313,0.9499,0.9479,0.0,0.0442
Gemma 3 27b,HS-PS3,conceptual,90,0.9111,0.8343,0.9543,0.95,0.0,0.0416
Gemma 3 27b,HS-PS3,recall,93,0.9677,0.9094,0.989,,0.0,0.0263
Gemma 3 27b,HS-PS4,applied,102,0.9314,0.8651,0.9664,0.9608,0.0,0.0277
Gemma 3 27b,HS-PS4,conceptual,96,0.9583,0.8977,0.9837,0.974,0.0,0.0295
Gemma 3 27b,HS-PS4,recall,96,0.9896,0.9433,0.9982,,0.0,0.0147
Gemma 4 31b,HS-ESS1,applied,96,0.9896,0.9433,0.9982,0.9948,0.0,0.0147
Gemma 4 31b,HS-ESS1,conceptual,96,0.9896,0.9433,0.9982,0.9948,0.0,0.0147
Gemma 4 31b,HS-ESS1,recall,93,0.9462,0.8803,0.9768,,0.0,0.0152
Gemma 4 31b,HS-ESS2,applied,96,0.9479,0.8838,0.9776,0.9688,0.0,0.0295
Gemma 4 31b,HS-ESS2,conceptual,99,1.0,0.9626,1.0,1.0,0.0,0.0
Gemma 4 31b,HS-ESS2,recall,93,0.9247,0.8527,0.9631,,0.0,0.0152
Gemma 4 31b,HS-ESS3,applied,102,0.9706,0.9171,0.9899,0.9706,0.0,0.0416
Gemma 4 31b,HS-ESS3,conceptual,96,1.0,0.9615,1.0,1.0,0.0,0.0
Gemma 4 31b,HS-ESS3,recall,96,1.0,0.9615,1.0,,0.0,0.0
Gemma 4 31b,HS-ETS1,applied,102,1.0,0.9637,1.0,1.0,0.0,0.0
Gemma 4 31b,HS-ETS1,conceptual,96,1.0,0.9615,1.0,1.0,0.0,0.0
Gemma 4 31b,HS-ETS1,recall,93,1.0,0.9603,1.0,,0.0,0.0
Gemma 4 31b,HS-LS1,applied,99,0.9798,0.9293,0.9944,0.9899,0.0,0.0286
Gemma 4 31b,HS-LS1,conceptual,99,0.9394,0.874,0.9719,0.9596,0.0,0.0247
Gemma 4 31b,HS-LS1,recall,96,0.9688,0.9121,0.9893,,0.0,0.0
Gemma 4 31b,HS-LS2,applied,84,0.9881,0.9356,0.9979,0.9881,0.0,0.0168
Gemma 4 31b,HS-LS2,conceptual,87,0.9885,0.9377,0.998,0.9885,0.0,0.0163
Gemma 4 31b,HS-LS2,recall,93,1.0,0.9603,1.0,,0.0,0.0
Gemma 4 31b,HS-LS3,applied,93,0.9892,0.9416,0.9981,0.9946,0.0,0.0152
Gemma 4 31b,HS-LS3,conceptual,93,1.0,0.9603,1.0,1.0,0.0,0.0
Gemma 4 31b,HS-LS3,recall,96,1.0,0.9615,1.0,,0.0,0.0
Gemma 4 31b,HS-LS4,applied,96,0.9896,0.9433,0.9982,0.9948,0.0,0.0147
Gemma 4 31b,HS-LS4,conceptual,96,1.0,0.9615,1.0,1.0,0.0,0.0
Gemma 4 31b,HS-LS4,recall,93,1.0,0.9603,1.0,,0.0,0.0
Gemma 4 31b,HS-PS1,applied,99,1.0,0.9626,1.0,1.0,0.0,0.0
Gemma 4 31b,HS-PS1,conceptual,99,1.0,0.9626,1.0,0.9949,0.0,0.0
Gemma 4 31b,HS-PS1,recall,99,0.9495,0.8872,0.9782,,0.0,0.0143
Gemma 4 31b,HS-PS2,applied,102,0.9902,0.9465,0.9983,0.9951,0.0,0.0139
Gemma 4 31b,HS-PS2,conceptual,99,0.9899,0.945,0.9982,0.9949,0.0,0.0143
Gemma 4 31b,HS-PS2,recall,96,0.9896,0.9433,0.9982,,0.0,0.0147
Gemma 4 31b,HS-PS3,applied,96,0.9688,0.9121,0.9893,0.9792,0.0,0.0255
Gemma 4 31b,HS-PS3,conceptual,90,0.9444,0.8765,0.976,0.9722,0.0,0.0157
Gemma 4 31b,HS-PS3,recall,93,1.0,0.9603,1.0,,0.0,0.0
Gemma 4 31b,HS-PS4,applied,102,1.0,0.9637,1.0,0.9951,0.0,0.0
Gemma 4 31b,HS-PS4,conceptual,96,0.9896,0.9433,0.9982,0.9948,0.0,0.0147
Gemma 4 31b,HS-PS4,recall,96,1.0,0.9615,1.0,,0.0,0.0
Granite 3.3 Instruct,HS-ESS1,applied,96,0.6458,0.5462,0.7342,0.7292,0.0,0.039
Granite 3.3 Instruct,HS-ESS1,conceptual,96,0.625,0.5251,0.7153,0.7812,0.0,0.0255
Granite 3.3 Instruct,HS-ESS1,recall,93,0.828,0.7387,0.8912,,0.0,0.0663
Granite 3.3 Instruct,HS-ESS2,applied,96,0.7708,0.6773,0.8435,0.8698,0.0,0.0531
Granite 3.3 Instruct,HS-ESS2,conceptual,99,0.6869,0.59,0.7698,0.8283,0.0,0.0286
Granite 3.3 Instruct,HS-ESS2,recall,93,0.8495,0.763,0.9082,,0.0,0.0663
Granite 3.3 Instruct,HS-ESS3,applied,102,0.9314,0.8651,0.9664,0.951,0.0,0.0277
Granite 3.3 Instruct,HS-ESS3,conceptual,96,0.9062,0.8313,0.9499,0.9531,0.0,0.0255
Granite 3.3 Instruct,HS-ESS3,recall,96,0.9375,0.8703,0.971,,0.0,0.0255
Granite 3.3 Instruct,HS-ETS1,applied,102,0.902,0.8289,0.9459,0.9412,0.0,0.0772
Granite 3.3 Instruct,HS-ETS1,conceptual,96,0.9583,0.8977,0.9837,0.9792,0.0,0.0147
Granite 3.3 Instruct,HS-ETS1,recall,93,1.0,0.9603,1.0,,0.0,0.0
Granite 3.3 Instruct,HS-LS1,applied,99,0.7273,0.6323,0.8053,0.8131,0.0,0.0495
Granite 3.3 Instruct,HS-LS1,conceptual,99,0.7778,0.6864,0.8484,0.8788,0.0,0.0515
Granite 3.3 Instruct,HS-LS1,recall,96,0.8854,0.8064,0.9348,,0.0,0.0642
Granite 3.3 Instruct,HS-LS2,applied,84,0.869,0.7805,0.9253,0.8988,0.0,0.0337
Granite 3.3 Instruct,HS-LS2,conceptual,87,0.8621,0.7742,0.9193,0.9023,0.0,0.0282
Granite 3.3 Instruct,HS-LS2,recall,93,0.8817,0.8005,0.9327,,0.0,0.0402
Granite 3.3 Instruct,HS-LS3,applied,93,0.6452,0.5439,0.7349,0.7419,0.0,0.0263
Granite 3.3 Instruct,HS-LS3,conceptual,93,0.7527,0.6562,0.8292,0.8656,0.0,0.0304
Granite 3.3 Instruct,HS-LS3,recall,96,0.875,0.7941,0.927,,0.0,0.0675
Granite 3.3 Instruct,HS-LS4,applied,96,0.875,0.7941,0.927,0.9219,0.0,0.0255
Granite 3.3 Instruct,HS-LS4,conceptual,96,0.9375,0.8703,0.971,0.9583,0.0,0.0
Granite 3.3 Instruct,HS-LS4,recall,93,0.9032,0.8262,0.9482,,0.0,0.0263
Granite 3.3 Instruct,HS-PS1,applied,99,0.6667,0.5691,0.7518,0.7727,0.0,0.0247
Granite 3.3 Instruct,HS-PS1,conceptual,99,0.6667,0.5691,0.7518,0.8131,0.0,0.0247
Granite 3.3 Instruct,HS-PS1,recall,99,0.7576,0.6646,0.8313,,0.0,0.0495
Granite 3.3 Instruct,HS-PS2,applied,102,0.8431,0.7603,0.9011,0.8775,0.0,0.05
Granite 3.3 Instruct,HS-PS2,conceptual,99,0.8283,0.7421,0.8899,0.8838,0.0,0.0143
Granite 3.3 Instruct,HS-PS2,recall,96,0.8438,0.7581,0.903,,0.0,0.0442
Granite 3.3 Instruct,HS-PS3,applied,96,0.6771,0.5783,0.7622,0.7812,0.0,0.0642
Granite 3.3 Instruct,HS-PS3,conceptual,90,0.8,0.7059,0.8696,0.8833,0.0,0.0471
Granite 3.3 Instruct,HS-PS3,recall,93,0.8602,0.7754,0.9165,,0.0,0.0402
Granite 3.3 Instruct,HS-PS4,applied,102,0.8529,0.7715,0.9088,0.8922,0.0,0.024
Granite 3.3 Instruct,HS-PS4,conceptual,96,0.8438,0.7581,0.903,0.9167,0.0,0.0442
Granite 3.3 Instruct,HS-PS4,recall,96,0.9167,0.8441,0.9572,,0.0,0.039
Llama 3.1 8b,HS-ESS1,applied,96,0.5833,0.4834,0.6769,0.7188,0.0,0.039
Llama 3.1 8b,HS-ESS1,conceptual,96,0.5104,0.412,0.6081,0.7083,0.0,0.039
Llama 3.1 8b,HS-ESS1,recall,93,0.8495,0.763,0.9082,,0.0,0.0548
Llama 3.1 8b,HS-ESS2,applied,96,0.625,0.5251,0.7153,0.75,0.0,0.0765
Llama 3.1 8b,HS-ESS2,conceptual,99,0.6162,0.5177,0.7059,0.7727,0.0,0.0378
Llama 3.1 8b,HS-ESS2,recall,93,0.6774,0.577,0.7638,,0.0,0.0
Llama 3.1 8b,HS-ESS3,applied,102,0.9216,0.8528,0.9597,0.9363,0.0,0.0139
Llama 3.1 8b,HS-ESS3,conceptual,96,0.8646,0.782,0.9191,0.9062,0.0,0.0295
Llama 3.1 8b,HS-ESS3,recall,96,0.9271,0.8571,0.9642,,0.0,0.0147
Llama 3.1 8b,HS-ETS1,applied,102,0.8235,0.7382,0.8854,0.8873,0.0,0.0
Llama 3.1 8b,HS-ETS1,conceptual,96,0.9583,0.8977,0.9837,0.9792,0.0,0.039
Llama 3.1 8b,HS-ETS1,recall,93,0.9677,0.9094,0.989,,0.0,0.0456
Llama 3.1 8b,HS-LS1,applied,99,0.7273,0.6323,0.8053,0.8283,0.0,0.0247
Llama 3.1 8b,HS-LS1,conceptual,99,0.7374,0.643,0.814,0.8283,0.0,0.0515
Llama 3.1 8b,HS-LS1,recall,96,0.8542,0.77,0.9111,,0.0,0.0966
Llama 3.1 8b,HS-LS2,applied,84,0.8214,0.7261,0.8887,0.8631,0.0,0.0
Llama 3.1 8b,HS-LS2,conceptual,87,0.8276,0.7348,0.8926,0.8908,0.0,0.0282
Llama 3.1 8b,HS-LS2,recall,93,0.871,0.7879,0.9246,,0.0,0.0456
Llama 3.1 8b,HS-LS3,applied,93,0.6667,0.5659,0.7542,0.7688,0.0,0.0304
Llama 3.1 8b,HS-LS3,conceptual,93,0.6667,0.5659,0.7542,0.8172,0.0,0.0402
Llama 3.1 8b,HS-LS3,recall,96,0.8021,0.7114,0.8695,,0.0,0.0737
Llama 3.1 8b,HS-LS4,applied,96,0.8229,0.7346,0.8864,0.8594,0.0,0.0531
Llama 3.1 8b,HS-LS4,conceptual,96,0.8021,0.7114,0.8695,0.8802,0.0,0.0147
Llama 3.1 8b,HS-LS4,recall,93,0.7527,0.6562,0.8292,,0.0,0.0805
Llama 3.1 8b,HS-PS1,applied,99,0.6364,0.5382,0.7244,0.7323,0.0,0.0429
Llama 3.1 8b,HS-PS1,conceptual,99,0.6364,0.5382,0.7244,0.7677,0.0,0.0429
Llama 3.1 8b,HS-PS1,recall,99,0.7677,0.6754,0.8399,,0.0,0.0515
Llama 3.1 8b,HS-PS2,applied,102,0.8235,0.7382,0.8854,0.8775,0.0,0.024
Llama 3.1 8b,HS-PS2,conceptual,99,0.7576,0.6646,0.8313,0.8636,0.0,0.0247
Llama 3.1 8b,HS-PS2,recall,96,0.8229,0.7346,0.8864,,0.0,0.0147
Llama 3.1 8b,HS-PS3,applied,96,0.7604,0.6661,0.8347,0.8438,0.0,0.0966
Llama 3.1 8b,HS-PS3,conceptual,90,0.8111,0.7182,0.8786,0.8611,0.0,0.0416
Llama 3.1 8b,HS-PS3,recall,93,0.8387,0.7508,0.8997,,0.0,0.0456
Llama 3.1 8b,HS-PS4,applied,102,0.8039,0.7165,0.8693,0.8578,0.0,0.05
Llama 3.1 8b,HS-PS4,conceptual,96,0.75,0.6549,0.8259,0.8594,0.0,0.0442
Llama 3.1 8b,HS-PS4,recall,96,0.9479,0.8838,0.9776,,0.0,0.0147
Llama 3.3 70b,HS-ESS1,applied,96,0.875,0.7941,0.927,0.9115,0.0,0.051
Llama 3.3 70b,HS-ESS1,conceptual,96,0.8229,0.7346,0.8864,0.8906,0.0,0.0642
Llama 3.3 70b,HS-ESS1,recall,93,0.914,0.8393,0.9558,,0.0,0.0402
Llama 3.3 70b,HS-ESS2,applied,96,0.9062,0.8313,0.9499,0.9427,0.0,0.0255
Llama 3.3 70b,HS-ESS2,conceptual,99,0.8283,0.7421,0.8899,0.904,0.0,0.0143
Llama 3.3 70b,HS-ESS2,recall,93,0.9247,0.8527,0.9631,,0.0,0.0608
Llama 3.3 70b,HS-ESS3,applied,102,0.9608,0.9035,0.9846,0.9657,0.0,0.0367
Llama 3.3 70b,HS-ESS3,conceptual,96,0.9479,0.8838,0.9776,0.9688,0.0,0.0147
Llama 3.3 70b,HS-ESS3,recall,96,1.0,0.9615,1.0,,0.0,0.0
Llama 3.3 70b,HS-ETS1,applied,102,0.9608,0.9035,0.9846,0.9706,0.0,0.0139
Llama 3.3 70b,HS-ETS1,conceptual,96,0.9792,0.9272,0.9943,0.9896,0.0,0.0147
Llama 3.3 70b,HS-ETS1,recall,93,1.0,0.9603,1.0,,0.0,0.0
Llama 3.3 70b,HS-LS1,applied,99,0.9192,0.8486,0.9585,0.9495,0.0,0.0286
Llama 3.3 70b,HS-LS1,conceptual,99,0.8485,0.765,0.906,0.9192,0.0,0.0247
Llama 3.3 70b,HS-LS1,recall,96,0.9896,0.9433,0.9982,,0.0,0.0147
Llama 3.3 70b,HS-LS2,applied,84,0.8571,0.7667,0.9163,0.9048,0.0,0.0505
Llama 3.3 70b,HS-LS2,conceptual,87,0.954,0.8877,0.982,0.9713,0.0,0.043
Llama 3.3 70b,HS-LS2,recall,93,0.9355,0.8663,0.9701,,0.0,0.0263
Llama 3.3 70b,HS-LS3,applied,93,0.9247,0.8527,0.9631,0.9409,0.0,0.0402
Llama 3.3 70b,HS-LS3,conceptual,93,0.914,0.8393,0.9558,0.9462,0.0,0.0548
Llama 3.3 70b,HS-LS3,recall,96,0.9583,0.8977,0.9837,,0.0,0.0147
Llama 3.3 70b,HS-LS4,applied,96,0.9167,0.8441,0.9572,0.9427,0.0,0.0295
Llama 3.3 70b,HS-LS4,conceptual,96,0.9896,0.9433,0.9982,0.9948,0.0,0.0147
Llama 3.3 70b,HS-LS4,recall,93,0.8817,0.8005,0.9327,,0.0,0.0402
Llama 3.3 70b,HS-PS1,applied,99,0.9394,0.874,0.9719,0.9697,0.0,0.0
Llama 3.3 70b,HS-PS1,conceptual,99,0.9495,0.8872,0.9782,0.9747,0.0,0.0143
Llama 3.3 70b,HS-PS1,recall,99,0.9697,0.9147,0.9896,,0.0,0.0247
Llama 3.3 70b,HS-PS2,applied,102,0.951,0.8903,0.9789,0.9706,0.0,0.0277
Llama 3.3 70b,HS-PS2,conceptual,99,0.9697,0.9147,0.9896,0.9848,0.0,0.0247
Llama 3.3 70b,HS-PS2,recall,96,0.9792,0.9272,0.9943,,0.0,0.0147
Llama 3.3 70b,HS-PS3,applied,96,0.9479,0.8838,0.9776,0.9688,0.0,0.0147
Llama 3.3 70b,HS-PS3,conceptual,90,0.8556,0.7684,0.9136,0.9167,0.0,0.0314
Llama 3.3 70b,HS-PS3,recall,93,0.9785,0.9249,0.9941,,0.0,0.0152
Llama 3.3 70b,HS-PS4,applied,102,0.9804,0.9313,0.9946,0.9804,0.0,0.0139
Llama 3.3 70b,HS-PS4,conceptual,96,0.9479,0.8838,0.9776,0.9688,0.0,0.0147
Llama 3.3 70b,HS-PS4,recall,96,0.9792,0.9272,0.9943,,0.0,0.0147
Mistral Small 3.1,HS-ESS1,applied,96,0.8229,0.7346,0.8864,0.8594,0.0,0.0531
Mistral Small 3.1,HS-ESS1,conceptual,96,0.8646,0.782,0.9191,0.9167,0.0,0.039
Mistral Small 3.1,HS-ESS1,recall,93,0.9247,0.8527,0.9631,,0.0,0.0402
Mistral Small 3.1,HS-ESS2,applied,96,0.9062,0.8313,0.9499,0.9427,0.0,0.0255
Mistral Small 3.1,HS-ESS2,conceptual,99,0.7778,0.6864,0.8484,0.8788,0.0,0.0623
Mistral Small 3.1,HS-ESS2,recall,93,0.957,0.8946,0.9831,,0.0,0.0608
Mistral Small 3.1,HS-ESS3,applied,102,0.9118,0.8408,0.9529,0.9412,0.0,0.024
Mistral Small 3.1,HS-ESS3,conceptual,96,0.9792,0.9272,0.9943,0.9844,0.0,0.0295
Mistral Small 3.1,HS-ESS3,recall,96,0.9792,0.9272,0.9943,,0.0,0.0147
Mistral Small 3.1,HS-ETS1,applied,102,0.8922,0.8171,0.9387,0.9314,0.0,0.0139
Mistral Small 3.1,HS-ETS1,conceptual,96,0.9896,0.9433,0.9982,0.9948,0.0,0.0147
Mistral Small 3.1,HS-ETS1,recall,93,0.9785,0.9249,0.9941,,0.0,0.0304
Mistral Small 3.1,HS-LS1,applied,99,0.8788,0.8,0.9293,0.9141,0.0,0.0247
Mistral Small 3.1,HS-LS1,conceptual,99,0.9293,0.8612,0.9653,0.9495,0.0,0.0143
Mistral Small 3.1,HS-LS1,recall,96,0.8958,0.8188,0.9424,,0.0,0.0295
Mistral Small 3.1,HS-LS2,applied,84,0.869,0.7805,0.9253,0.9107,0.0,0.0673
Mistral Small 3.1,HS-LS2,conceptual,87,0.9655,0.9035,0.9882,0.977,0.0,0.0282
Mistral Small 3.1,HS-LS2,recall,93,0.8817,0.8005,0.9327,,0.0,0.0663
Mistral Small 3.1,HS-LS3,applied,93,0.9247,0.8527,0.9631,0.9409,0.0,0.0152
Mistral Small 3.1,HS-LS3,conceptual,93,0.914,0.8393,0.9558,0.9462,0.0,0.0548
Mistral Small 3.1,HS-LS3,recall,96,0.9583,0.8977,0.9837,,0.0,0.0295
Mistral Small 3.1,HS-LS4,applied,96,0.9167,0.8441,0.9572,0.9479,0.0,0.039
Mistral Small 3.1,HS-LS4,conceptual,96,0.9375,0.8703,0.971,0.9635,0.0,0.0442
Mistral Small 3.1,HS-LS4,recall,93,0.8817,0.8005,0.9327,,0.0,0.0152
Mistral Small 3.1,HS-PS1,applied,99,0.8889,0.8119,0.9368,0.9242,0.0,0.0378
Mistral Small 3.1,HS-PS1,conceptual,99,0.9697,0.9147,0.9896,0.9798,0.0,0.0247
Mistral Small 3.1,HS-PS1,recall,99,0.8788,0.8,0.9293,,0.0,0.0247
Mistral Small 3.1,HS-PS2,applied,102,0.9706,0.9171,0.9899,0.9853,0.0,0.0
Mistral Small 3.1,HS-PS2,conceptual,99,0.9495,0.8872,0.9782,0.9697,0.0,0.0143
Mistral Small 3.1,HS-PS2,recall,96,0.9167,0.8441,0.9572,,0.0,0.0589
Mistral Small 3.1,HS-PS3,applied,96,0.8333,0.7463,0.8947,0.901,0.0,0.0589
Mistral Small 3.1,HS-PS3,conceptual,90,0.8556,0.7684,0.9136,0.9278,0.0,0.0416
Mistral Small 3.1,HS-PS3,recall,93,0.9677,0.9094,0.989,,0.0,0.0263
Mistral Small 3.1,HS-PS4,applied,102,0.9216,0.8528,0.9597,0.9412,0.0,0.0367
Mistral Small 3.1,HS-PS4,conceptual,96,0.9062,0.8313,0.9499,0.9531,0.0,0.0255
Mistral Small 3.1,HS-PS4,recall,96,0.9688,0.9121,0.9893,,0.0,0.0442
Nemotron 3 Nano 30ba3,HS-ESS1,applied,96,0.9167,0.8441,0.9572,0.9583,0.0,0.039
Nemotron 3 Nano 30ba3,HS-ESS1,conceptual,96,0.9479,0.8838,0.9776,0.9688,0.0,0.039
Nemotron 3 Nano 30ba3,HS-ESS1,recall,93,0.957,0.8946,0.9831,,0.0,0.0152
Nemotron 3 Nano 30ba3,HS-ESS2,applied,96,0.9583,0.8977,0.9837,0.9792,0.0,0.0147
Nemotron 3 Nano 30ba3,HS-ESS2,conceptual,99,0.9596,0.9007,0.9842,0.9798,0.0,0.0143
Nemotron 3 Nano 30ba3,HS-ESS2,recall,93,0.957,0.8946,0.9831,,0.0,0.0152
Nemotron 3 Nano 30ba3,HS-ESS3,applied,102,0.9608,0.9035,0.9846,0.9706,0.0,0.0139
Nemotron 3 Nano 30ba3,HS-ESS3,conceptual,96,1.0,0.9615,1.0,1.0,0.0,0.0
Nemotron 3 Nano 30ba3,HS-ESS3,recall,96,0.9896,0.9433,0.9982,,0.0,0.0147
Nemotron 3 Nano 30ba3,HS-ETS1,applied,102,0.9608,0.9035,0.9846,0.9755,0.0,0.0139
Nemotron 3 Nano 30ba3,HS-ETS1,conceptual,96,1.0,0.9615,1.0,1.0,0.0,0.0
Nemotron 3 Nano 30ba3,HS-ETS1,recall,93,0.9892,0.9416,0.9981,,0.0,0.0152
Nemotron 3 Nano 30ba3,HS-LS1,applied,99,0.9798,0.9293,0.9944,0.9848,0.0,0.0286
Nemotron 3 Nano 30ba3,HS-LS1,conceptual,99,0.9394,0.874,0.9719,0.9646,0.0,0.0247
Nemotron 3 Nano 30ba3,HS-LS1,recall,96,0.9479,0.8838,0.9776,,0.0,0.0147
Nemotron 3 Nano 30ba3,HS-LS2,applied,84,0.9643,0.9002,0.9878,0.9643,0.0,0.0
Nemotron 3 Nano 30ba3,HS-LS2,conceptual,87,0.9885,0.9377,0.998,0.9943,0.0,0.0163
Nemotron 3 Nano 30ba3,HS-LS2,recall,93,0.9677,0.9094,0.989,,0.0,0.0
Nemotron 3 Nano 30ba3,HS-LS3,applied,93,0.9785,0.9249,0.9941,0.9839,0.0,0.0304
Nemotron 3 Nano 30ba3,HS-LS3,conceptual,93,0.957,0.8946,0.9831,0.9731,0.0,0.0152
Nemotron 3 Nano 30ba3,HS-LS3,recall,96,0.9583,0.8977,0.9837,,0.0,0.0147
Nemotron 3 Nano 30ba3,HS-LS4,applied,96,0.9896,0.9433,0.9982,0.9948,0.0,0.0147
Nemotron 3 Nano 30ba3,HS-LS4,conceptual,96,0.9896,0.9433,0.9982,0.9948,0.0,0.0147
Nemotron 3 Nano 30ba3,HS-LS4,recall,93,0.9032,0.8262,0.9482,,0.0,0.0263
Nemotron 3 Nano 30ba3,HS-PS1,applied,99,0.9899,0.945,0.9982,0.9899,0.0,0.0143
Nemotron 3 Nano 30ba3,HS-PS1,conceptual,99,0.9293,0.8612,0.9653,0.9545,0.0,0.0623
Nemotron 3 Nano 30ba3,HS-PS1,recall,99,0.9495,0.8872,0.9782,,0.0,0.0515
Nemotron 3 Nano 30ba3,HS-PS2,applied,102,0.9804,0.9313,0.9946,0.9853,0.0,0.0139
Nemotron 3 Nano 30ba3,HS-PS2,conceptual,99,0.9899,0.945,0.9982,0.9949,0.0,0.0143
Nemotron 3 Nano 30ba3,HS-PS2,recall,96,0.9792,0.9272,0.9943,,0.0,0.0147
Nemotron 3 Nano 30ba3,HS-PS3,applied,96,0.9896,0.9433,0.9982,0.9896,0.0,0.0147
Nemotron 3 Nano 30ba3,HS-PS3,conceptual,90,0.9444,0.8765,0.976,0.9722,0.0,0.0416
Nemotron 3 Nano 30ba3,HS-PS3,recall,93,0.9892,0.9416,0.9981,,0.0,0.0152
Nemotron 3 Nano 30ba3,HS-PS4,applied,102,0.9902,0.9465,0.9983,0.9951,0.0,0.0139
Nemotron 3 Nano 30ba3,HS-PS4,conceptual,96,0.9583,0.8977,0.9837,0.9792,0.0,0.0147
Nemotron 3 Nano 30ba3,HS-PS4,recall,96,0.9792,0.9272,0.9943,,0.0,0.0147
OSS 120b,HS-ESS1,applied,96,0.9688,0.9121,0.9893,0.9844,0.0,0.0255
OSS 120b,HS-ESS1,conceptual,96,1.0,0.9615,1.0,0.9948,0.0,0.0
OSS 120b,HS-ESS1,recall,93,0.9785,0.9249,0.9941,,0.0,0.0304
OSS 120b,HS-ESS2,applied,96,0.9479,0.8838,0.9776,0.9635,0.0,0.039
OSS 120b,HS-ESS2,conceptual,99,0.9899,0.945,0.9982,0.9848,0.0,0.0143
OSS 120b,HS-ESS2,recall,93,0.9462,0.8803,0.9768,,0.0,0.0152
OSS 120b,HS-ESS3,applied,102,0.9314,0.8651,0.9664,0.951,0.0,0.0367
OSS 120b,HS-ESS3,conceptual,96,0.9896,0.9433,0.9982,0.9896,0.0,0.0147
OSS 120b,HS-ESS3,recall,96,1.0,0.9615,1.0,,0.0,0.0
OSS 120b,HS-ETS1,applied,102,0.9902,0.9465,0.9983,0.9902,0.0,0.0139
OSS 120b,HS-ETS1,conceptual,96,0.9688,0.9121,0.9893,0.9688,0.0,0.0
OSS 120b,HS-ETS1,recall,93,0.9892,0.9416,0.9981,,0.0,0.0152
OSS 120b,HS-LS1,applied,99,0.9899,0.945,0.9982,0.9899,0.0,0.0143
OSS 120b,HS-LS1,conceptual,99,0.9899,0.945,0.9982,0.9949,0.0,0.0143
OSS 120b,HS-LS1,recall,96,0.9896,0.9433,0.9982,,0.0,0.0147
OSS 120b,HS-LS2,applied,84,1.0,0.9563,1.0,1.0,0.0,0.0
OSS 120b,HS-LS2,conceptual,87,1.0,0.9577,1.0,0.9943,0.0,0.0
OSS 120b,HS-LS2,recall,93,1.0,0.9603,1.0,,0.0,0.0
OSS 120b,HS-LS3,applied,93,1.0,0.9603,1.0,1.0,0.0,0.0
OSS 120b,HS-LS3,conceptual,93,0.9892,0.9416,0.9981,0.9946,0.0,0.0152
OSS 120b,HS-LS3,recall,96,1.0,0.9615,1.0,,0.0,0.0
OSS 120b,HS-LS4,applied,96,0.9792,0.9272,0.9943,0.9896,0.0,0.0147
OSS 120b,HS-LS4,conceptual,96,1.0,0.9615,1.0,1.0,0.0,0.0
OSS 120b,HS-LS4,recall,93,0.9892,0.9416,0.9981,,0.0,0.0152
OSS 120b,HS-PS1,applied,99,0.9697,0.9147,0.9896,0.9798,0.0,0.0
OSS 120b,HS-PS1,conceptual,99,0.9899,0.945,0.9982,0.9949,0.0,0.0143
OSS 120b,HS-PS1,recall,99,1.0,0.9626,1.0,,0.0,0.0
OSS 120b,HS-PS2,applied,102,0.9902,0.9465,0.9983,0.9951,0.0,0.0139
OSS 120b,HS-PS2,conceptual,99,1.0,0.9626,1.0,1.0,0.0,0.0
OSS 120b,HS-PS2,recall,96,0.9896,0.9433,0.9982,,0.0,0.0147
OSS 120b,HS-PS3,applied,96,0.9688,0.9121,0.9893,0.9844,0.0,0.0442
OSS 120b,HS-PS3,conceptual,90,1.0,0.9591,1.0,1.0,0.0,0.0
OSS 120b,HS-PS3,recall,93,1.0,0.9603,1.0,,0.0,0.0
OSS 120b,HS-PS4,applied,102,0.9902,0.9465,0.9983,0.9853,0.0,0.0139
OSS 120b,HS-PS4,conceptual,96,1.0,0.9615,1.0,1.0,0.0,0.0
OSS 120b,HS-PS4,recall,96,0.9896,0.9433,0.9982,,0.0,0.0147
OSS 20b,HS-ESS1,applied,96,0.9688,0.9121,0.9893,0.9635,0.0,0.0255
OSS 20b,HS-ESS1,conceptual,96,0.9688,0.9121,0.9893,0.9688,0.0,0.0442
OSS 20b,HS-ESS1,recall,93,0.9677,0.9094,0.989,,0.0,0.0263
OSS 20b,HS-ESS2,applied,96,0.8854,0.8064,0.9348,0.9219,0.0,0.0147
OSS 20b,HS-ESS2,conceptual,99,0.9192,0.8486,0.9585,0.9343,0.0,0.0143
OSS 20b,HS-ESS2,recall,93,0.8925,0.8133,0.9405,,0.0,0.0608
OSS 20b,HS-ESS3,applied,102,0.9412,0.8776,0.9728,0.9559,0.0,0.024
OSS 20b,HS-ESS3,conceptual,96,0.9583,0.8977,0.9837,0.9792,0.0,0.0295
OSS 20b,HS-ESS3,recall,96,0.9688,0.9121,0.9893,,0.0,0.0255
OSS 20b,HS-ETS1,applied,102,0.9706,0.9171,0.9899,0.9853,0.0,0.0
OSS 20b,HS-ETS1,conceptual,96,1.0,0.9615,1.0,1.0,0.0,0.0
OSS 20b,HS-ETS1,recall,93,0.9892,0.9416,0.9981,,0.0,0.0152
OSS 20b,HS-LS1,applied,99,0.9596,0.9007,0.9842,0.9646,0.0,0.0143
OSS 20b,HS-LS1,conceptual,99,0.9798,0.9293,0.9944,0.9798,0.0,0.0143
OSS 20b,HS-LS1,recall,96,0.9583,0.8977,0.9837,,0.0,0.0295
OSS 20b,HS-LS2,applied,84,0.9762,0.9173,0.9934,0.9821,0.0,0.0168
OSS 20b,HS-LS2,conceptual,87,0.8966,0.815,0.9446,0.9425,0.0,0.0282
OSS 20b,HS-LS2,recall,93,1.0,0.9603,1.0,,0.0,0.0
OSS 20b,HS-LS3,applied,93,0.9785,0.9249,0.9941,0.9839,0.0,0.0152
OSS 20b,HS-LS3,conceptual,93,0.957,0.8946,0.9831,0.9785,0.0,0.0152
OSS 20b,HS-LS3,recall,96,0.9479,0.8838,0.9776,,0.0,0.039
OSS 20b,HS-LS4,applied,96,0.9271,0.8571,0.9642,0.9427,0.0,0.0147
OSS 20b,HS-LS4,conceptual,96,0.9583,0.8977,0.9837,0.9792,0.0,0.0295
OSS 20b,HS-LS4,recall,93,0.8602,0.7754,0.9165,,0.0,0.0304
OSS 20b,HS-PS1,applied,99,0.9798,0.9293,0.9944,0.9747,0.0,0.0143
OSS 20b,HS-PS1,conceptual,99,0.9495,0.8872,0.9782,0.9697,0.0,0.0143
OSS 20b,HS-PS1,recall,99,0.9091,0.8362,0.9514,,0.0,0.0247
OSS 20b,HS-PS2,applied,102,0.9804,0.9313,0.9946,0.9902,0.0,0.0277
OSS 20b,HS-PS2,conceptual,99,0.9899,0.945,0.9982,0.9899,0.0,0.0143
OSS 20b,HS-PS2,recall,96,0.9688,0.9121,0.9893,,0.0,0.0255
OSS 20b,HS-PS3,applied,96,0.9688,0.9121,0.9893,0.9792,0.0,0.0
OSS 20b,HS-PS3,conceptual,90,0.9333,0.8621,0.9691,0.9667,0.0,0.0
OSS 20b,HS-PS3,recall,93,0.9785,0.9249,0.9941,,0.0,0.0304
OSS 20b,HS-PS4,applied,102,0.9902,0.9465,0.9983,0.9951,0.0,0.0139
OSS 20b,HS-PS4,conceptual,96,0.9792,0.9272,0.9943,0.9844,0.0,0.0147
OSS 20b,HS-PS4,recall,96,0.9896,0.9433,0.9982,,0.0,0.0147
