model,area,n,binary_accuracy,wilson_low,wilson_high,rubric_mean,refusal_rate,run_acc_std
Gemma 3 27b,HS-ESS1,285,0.9263,0.89,0.9513,0.9193,0.0,0.0172
Gemma 3 27b,HS-ESS2,288,0.9479,0.9159,0.9682,0.9692,0.0,0.0225
Gemma 3 27b,HS-ESS3,294,0.9796,0.9562,0.9906,0.9798,0.0,0.0083
Gemma 3 27b,HS-ETS1,291,0.9863,0.9652,0.9946,0.9874,0.0,0.0049
Gemma 3 27b,HS-LS1,294,0.9592,0.93,0.9765,0.9697,0.0,0.0083
Gemma 3 27b,HS-LS2,264,0.9583,0.9269,0.9766,0.962,0.0,0.0054
Gemma 3 27b,HS-LS3,282,0.9752,0.9497,0.9879,0.9839,0.0,0.005
Gemma 3 27b,HS-LS4,285,0.9614,0.9322,0.9783,0.9948,0.0,0.0099
Gemma 3 27b,HS-PS1,297,0.9529,0.9224,0.9717,0.9747,0.0,0.0252
Gemma 3 27b,HS-PS2,297,0.9697,0.9434,0.984,0.9751,0.0,0.0082
Gemma 3 27b,HS-PS3,279,0.9283,0.8919,0.9531,0.9489,0.0,0.0101
Gemma 3 27b,HS-PS4,294,0.9592,0.93,0.9765,0.9672,0.0,0.0083
Gemma 4 31b,HS-ESS1,285,0.9754,0.9502,0.9881,0.9948,0.0,0.005
Gemma 4 31b,HS-ESS2,288,0.9583,0.9286,0.976,0.9846,0.0,0.0085
Gemma 4 31b,HS-ESS3,294,0.9898,0.9704,0.9965,0.9848,0.0,0.0144
Gemma 4 31b,HS-ETS1,291,1.0,0.987,1.0,1.0,0.0,0.0
Gemma 4 31b,HS-LS1,294,0.9626,0.9343,0.979,0.9747,0.0,0.0173
Gemma 4 31b,HS-LS2,264,0.9924,0.9728,0.9979,0.9883,0.0,0.0054
Gemma 4 31b,HS-LS3,282,0.9965,0.9802,0.9994,0.9973,0.0,0.005
Gemma 4 31b,HS-LS4,285,0.9965,0.9804,0.9994,0.9974,0.0,0.005
Gemma 4 31b,HS-PS1,297,0.9832,0.9612,0.9928,0.9975,0.0,0.0048
Gemma 4 31b,HS-PS2,297,0.9899,0.9707,0.9966,0.995,0.0,0.0082
Gemma 4 31b,HS-PS3,279,0.9713,0.9444,0.9854,0.9758,0.0,0.0051
Gemma 4 31b,HS-PS4,294,0.9966,0.981,0.9994,0.9949,0.0,0.0048
Granite 3.3 Instruct,HS-ESS1,285,0.6982,0.6426,0.7486,0.7552,0.0,0.005
Granite 3.3 Instruct,HS-ESS2,288,0.7674,0.7152,0.8124,0.8487,0.0,0.0468
Granite 3.3 Instruct,HS-ESS3,294,0.9252,0.8893,0.9501,0.952,0.0,0.0048
Granite 3.3 Instruct,HS-ETS1,291,0.9519,0.9209,0.9711,0.9596,0.0,0.0319
Granite 3.3 Instruct,HS-LS1,294,0.7959,0.7462,0.838,0.846,0.0,0.0441
Granite 3.3 Instruct,HS-LS2,264,0.8712,0.8254,0.9064,0.9006,0.0,0.0268
Granite 3.3 Instruct,HS-LS3,282,0.7589,0.7057,0.8051,0.8038,0.0,0.0265
Granite 3.3 Instruct,HS-LS4,285,0.9053,0.8657,0.9341,0.9401,0.0,0.0086
Granite 3.3 Instruct,HS-PS1,297,0.697,0.6425,0.7464,0.7929,0.0,0.0165
Granite 3.3 Instruct,HS-PS2,297,0.8384,0.7922,0.8759,0.8806,0.0,0.0297
Granite 3.3 Instruct,HS-PS3,279,0.7778,0.7254,0.8226,0.8306,0.0,0.0134
Granite 3.3 Instruct,HS-PS4,294,0.8707,0.8276,0.9044,0.904,0.0,0.0255
Llama 3.1 8b,HS-ESS1,285,0.6456,0.5885,0.6989,0.7135,0.0,0.0325
Llama 3.1 8b,HS-ESS2,288,0.6389,0.5819,0.6922,0.7615,0.0,0.0322
Llama 3.1 8b,HS-ESS3,294,0.9048,0.8658,0.9333,0.9217,0.0,0.0127
Llama 3.1 8b,HS-ETS1,291,0.9141,0.8763,0.9411,0.9318,0.0,0.0175
Llama 3.1 8b,HS-LS1,294,0.7721,0.7208,0.8164,0.8283,0.0,0.0337
Llama 3.1 8b,HS-LS2,264,0.8409,0.7919,0.8801,0.8772,0.0,0.0186
Llama 3.1 8b,HS-LS3,282,0.7128,0.6574,0.7624,0.793,0.0,0.0301
Llama 3.1 8b,HS-LS4,285,0.793,0.7422,0.836,0.8698,0.0,0.0263
Llama 3.1 8b,HS-PS1,297,0.6801,0.6251,0.7306,0.75,0.0,0.0126
Llama 3.1 8b,HS-PS2,297,0.8013,0.7522,0.8427,0.8706,0.0,0.0126
Llama 3.1 8b,HS-PS3,279,0.8029,0.7522,0.8453,0.8522,0.0,0.0282
Llama 3.1 8b,HS-PS4,294,0.8333,0.7865,0.8716,0.8586,0.0,0.0255
Llama 3.3 70b,HS-ESS1,285,0.8702,0.8262,0.9043,0.901,0.0,0.0179
Llama 3.3 70b,HS-ESS2,288,0.8854,0.8434,0.9172,0.9231,0.0,0.0295
Llama 3.3 70b,HS-ESS3,294,0.9694,0.9429,0.9838,0.9672,0.0,0.0144
Llama 3.3 70b,HS-ETS1,291,0.9794,0.9558,0.9905,0.9798,0.0,0.0084
Llama 3.3 70b,HS-LS1,294,0.9184,0.8814,0.9445,0.9343,0.0,0.0167
Llama 3.3 70b,HS-LS2,264,0.9167,0.8771,0.9443,0.9386,0.0,0.0268
Llama 3.3 70b,HS-LS3,282,0.9326,0.8972,0.9564,0.9435,0.0,0.0251
Llama 3.3 70b,HS-LS4,285,0.9298,0.8941,0.9541,0.9688,0.0,0.0198
Llama 3.3 70b,HS-PS1,297,0.9529,0.9224,0.9717,0.9722,0.0,0.0095
Llama 3.3 70b,HS-PS2,297,0.9663,0.9391,0.9816,0.9776,0.0,0.0048
Llama 3.3 70b,HS-PS3,279,0.9283,0.8919,0.9531,0.9435,0.0,0.0134
Llama 3.3 70b,HS-PS4,294,0.9694,0.9429,0.9838,0.9747,0.0,0.0083
Mistral Small 3.1,HS-ESS1,285,0.8702,0.8262,0.9043,0.888,0.0,0.0325
Mistral Small 3.1,HS-ESS2,288,0.8785,0.8357,0.9113,0.9103,0.0,0.0196
Mistral Small 3.1,HS-ESS3,294,0.9558,0.9258,0.974,0.9621,0.0,0.0127
Mistral Small 3.1,HS-ETS1,291,0.9519,0.9209,0.9711,0.9621,0.0,0.0097
Mistral Small 3.1,HS-LS1,294,0.9014,0.8619,0.9304,0.9318,0.0,0.0048
Mistral Small 3.1,HS-LS2,264,0.9053,0.8639,0.935,0.9444,0.0,0.0386
Mistral Small 3.1,HS-LS3,282,0.9326,0.8972,0.9564,0.9435,0.0,0.0133
Mistral Small 3.1,HS-LS4,285,0.9123,0.8737,0.9399,0.9557,0.0,0.0216
Mistral Small 3.1,HS-PS1,297,0.9125,0.8748,0.9396,0.952,0.0,0.0095
Mistral Small 3.1,HS-PS2,297,0.9461,0.9143,0.9666,0.9776,0.0,0.0172
Mistral Small 3.1,HS-PS3,279,0.8853,0.8426,0.9176,0.914,0.0,0.0268
Mistral Small 3.1,HS-PS4,294,0.932,0.8973,0.9555,0.947,0.0,0.021
Nemotron 3 Nano 30ba3,HS-ESS1,285,0.9404,0.9066,0.9624,0.9635,0.0,0.0099
Nemotron 3 Nano 30ba3,HS-ESS2,288,0.9583,0.9286,0.976,0.9795,0.0,0.0085
Nemotron 3 Nano 30ba3,HS-ESS3,294,0.983,0.9608,0.9927,0.9848,0.0,0.0096
Nemotron 3 Nano 30ba3,HS-ETS1,291,0.9828,0.9604,0.9926,0.9874,0.0,0.0049
Nemotron 3 Nano 30ba3,HS-LS1,294,0.9558,0.9258,0.974,0.9747,0.0,0.0048
Nemotron 3 Nano 30ba3,HS-LS2,264,0.9735,0.9463,0.9871,0.9795,0.0,0.0054
Nemotron 3 Nano 30ba3,HS-LS3,282,0.9645,0.936,0.9806,0.9785,0.0,0.01
Nemotron 3 Nano 30ba3,HS-LS4,285,0.9614,0.9322,0.9783,0.9948,0.0,0.0131
Nemotron 3 Nano 30ba3,HS-PS1,297,0.9562,0.9266,0.9742,0.9722,0.0,0.0407
Nemotron 3 Nano 30ba3,HS-PS2,297,0.9832,0.9612,0.9928,0.99,0.0,0.0095
Nemotron 3 Nano 30ba3,HS-PS3,279,0.9749,0.9491,0.9878,0.9812,0.0,0.0051
Nemotron 3 Nano 30ba3,HS-PS4,294,0.9762,0.9517,0.9884,0.9874,0.0,0.0048
OSS 120b,HS-ESS1,285,0.9825,0.9596,0.9925,0.9896,0.0,0.0131
OSS 120b,HS-ESS2,288,0.9618,0.9329,0.9785,0.9744,0.0,0.0177
OSS 120b,HS-ESS3,294,0.9728,0.9472,0.9861,0.9697,0.0,0.0127
OSS 120b,HS-ETS1,291,0.9828,0.9604,0.9926,0.9798,0.0,0.0049
OSS 120b,HS-LS1,294,0.9898,0.9704,0.9965,0.9924,0.0,0.0144
OSS 120b,HS-LS2,264,1.0,0.9857,1.0,0.9971,0.0,0.0
OSS 120b,HS-LS3,282,0.9965,0.9802,0.9994,0.9973,0.0,0.005
OSS 120b,HS-LS4,285,0.9895,0.9695,0.9964,0.9948,0.0,0.0086
OSS 120b,HS-PS1,297,0.9865,0.9659,0.9948,0.9874,0.0,0.0048
OSS 120b,HS-PS2,297,0.9933,0.9758,0.9982,0.9975,0.0,0.0095
OSS 120b,HS-PS3,279,0.9892,0.9689,0.9963,0.9919,0.0,0.0152
OSS 120b,HS-PS4,294,0.9932,0.9755,0.9981,0.9924,0.0,0.0048
OSS 20b,HS-ESS1,285,0.9684,0.9411,0.9833,0.9661,0.0,0.0172
OSS 20b,HS-ESS2,288,0.8993,0.8591,0.929,0.9282,0.0,0.0177
OSS 20b,HS-ESS3,294,0.9558,0.9258,0.974,0.9672,0.0,0.0096
OSS 20b,HS-ETS1,291,0.9863,0.9652,0.9946,0.9924,0.0,0.0049
OSS 20b,HS-LS1,294,0.966,0.9385,0.9814,0.9722,0.0,0.0127
OSS 20b,HS-LS2,264,0.9583,0.9269,0.9766,0.962,0.0,0.0107
OSS 20b,HS-LS3,282,0.961,0.9315,0.9781,0.9812,0.0,0.01
OSS 20b,HS-LS4,285,0.9158,0.8778,0.9428,0.9609,0.0,0.0149
OSS 20b,HS-PS1,297,0.9461,0.9143,0.9666,0.9722,0.0,0.0126
OSS 20b,HS-PS2,297,0.9798,0.9566,0.9907,0.99,0.0,0.0082
OSS 20b,HS-PS3,279,0.9606,0.9308,0.9778,0.9731,0.0,0.0101
OSS 20b,HS-PS4,294,0.9864,0.9655,0.9947,0.9899,0.0,0.0048
