question_id,area,question_type,fraction_correct,discrimination,trivial,broken
HS-ESS1-002,HS-ESS1,recall,0.481,0.419,0,0
HS-ESS1-028,HS-ESS1,conceptual,0.593,0.378,0,0
HS-ESS1-066,HS-ESS1,applied,0.593,0.305,0,0
HS-ESS1-073,HS-ESS1,applied,0.593,0.466,0,0
HS-ESS1-052,HS-ESS1,conceptual,0.63,0.399,0,0
HS-ESS1-057,HS-ESS1,applied,0.63,0.399,0,0
HS-ESS1-064,HS-ESS1,applied,0.63,0.429,0,0
HS-ESS1-065,HS-ESS1,applied,0.63,0.331,0,0
HS-ESS1-049,HS-ESS1,conceptual,0.667,0.351,0,0
HS-ESS1-085,HS-ESS1,applied,0.704,0.367,0,0
HS-ESS1-011,HS-ESS1,recall,0.741,0.378,0,0
HS-ESS1-041,HS-ESS1,conceptual,0.741,0.343,0,0
HS-ESS1-042,HS-ESS1,conceptual,0.741,0.305,0,0
HS-ESS1-053,HS-ESS1,conceptual,0.741,0.262,0,0
HS-ESS1-078,HS-ESS1,applied,0.741,0.21,0,0
HS-ESS1-014,HS-ESS1,recall,0.778,0.314,0,0
HS-ESS1-040,HS-ESS1,conceptual,0.778,0.272,0,0
HS-ESS1-046,HS-ESS1,conceptual,0.778,0.222,0,0
HS-ESS1-048,HS-ESS1,conceptual,0.778,0.314,0,0
HS-ESS1-056,HS-ESS1,applied,0.778,0.222,0,0
HS-ESS1-072,HS-ESS1,applied,0.778,0.416,0,0
HS-ESS1-086,HS-ESS1,applied,0.778,0.272,0,0
HS-ESS1-090,HS-ESS1,conceptual,0.778,0.314,0,0
HS-ESS1-044,HS-ESS1,conceptual,0.815,0.319,0,0
HS-ESS1-061,HS-ESS1,applied,0.815,0.228,0,0
HS-ESS1-068,HS-ESS1,applied,0.815,0.355,0,0
HS-ESS1-069,HS-ESS1,applied,0.815,0.228,0,0
HS-ESS1-079,HS-ESS1,applied,0.815,0.277,0,0
HS-ESS1-013,HS-ESS1,recall,0.852,0.319,0,0
HS-ESS1-039,HS-ESS1,conceptual,0.852,0.166,0,0
HS-ESS1-050,HS-ESS1,conceptual,0.852,0.228,0,0
HS-ESS1-075,HS-ESS1,applied,0.852,0.166,0,0
HS-ESS1-016,HS-ESS1,recall,0.889,0.157,0,0
HS-ESS1-019,HS-ESS1,recall,0.889,0.222,0,0
HS-ESS1-029,HS-ESS1,conceptual,0.889,0.222,0,0
HS-ESS1-031,HS-ESS1,conceptual,0.889,0.314,0,0
HS-ESS1-034,HS-ESS1,conceptual,0.889,0.157,0,0
HS-ESS1-038,HS-ESS1,conceptual,0.889,0.222,0,0
HS-ESS1-045,HS-ESS1,conceptual,0.889,0.222,0,0
HS-ESS1-055,HS-ESS1,conceptual,0.889,0.222,0,0
HS-ESS1-070,HS-ESS1,applied,0.889,0.222,0,0
HS-ESS1-074,HS-ESS1,applied,0.889,0.157,0,0
HS-ESS1-080,HS-ESS1,applied,0.889,0.157,0,0
HS-ESS1-084,HS-ESS1,applied,0.889,0.222,0,0
HS-ESS1-093,HS-ESS1,conceptual,0.889,0.222,0,0
HS-ESS1-095,HS-ESS1,applied,0.889,0.222,0,0
HS-ESS1-017,HS-ESS1,recall,0.926,0.139,0,0
HS-ESS1-018,HS-ESS1,recall,0.926,0.139,0,0
HS-ESS1-022,HS-ESS1,recall,0.926,0.139,0,0
HS-ESS1-025,HS-ESS1,recall,0.926,0.139,0,0
HS-ESS1-030,HS-ESS1,conceptual,0.926,0.139,0,0
HS-ESS1-032,HS-ESS1,conceptual,0.926,0.139,0,0
HS-ESS1-033,HS-ESS1,conceptual,0.926,0.21,0,0
HS-ESS1-035,HS-ESS1,conceptual,0.926,0.139,0,0
HS-ESS1-037,HS-ESS1,conceptual,0.926,0.139,0,0
HS-ESS1-047,HS-ESS1,conceptual,0.926,0.21,0,0
HS-ESS1-071,HS-ESS1,applied,0.926,0.21,0,0
HS-ESS1-077,HS-ESS1,applied,0.926,0.139,0,0
HS-ESS1-081,HS-ESS1,applied,0.926,0.139,0,0
HS-ESS1-082,HS-ESS1,recall,0.926,0.139,0,0
HS-ESS1-087,HS-ESS1,applied,0.926,0.21,0,0
HS-ESS1-001,HS-ESS1,recall,0.963,0.105,1,0
HS-ESS1-004,HS-ESS1,recall,0.963,0.105,1,0
HS-ESS1-006,HS-ESS1,recall,0.963,0.105,1,0
HS-ESS1-007,HS-ESS1,recall,0.963,0.105,1,0
HS-ESS1-008,HS-ESS1,recall,0.963,0.105,1,0
HS-ESS1-009,HS-ESS1,recall,0.963,0.105,1,0
HS-ESS1-010,HS-ESS1,recall,0.963,0.105,1,0
HS-ESS1-012,HS-ESS1,recall,0.963,0.105,1,0
HS-ESS1-020,HS-ESS1,recall,0.963,0.105,1,0
HS-ESS1-021,HS-ESS1,recall,0.963,0.105,1,0
HS-ESS1-023,HS-ESS1,recall,0.963,0.105,1,0
HS-ESS1-024,HS-ESS1,recall,0.963,0.105,1,0
HS-ESS1-036,HS-ESS1,conceptual,0.963,0.105,1,0
HS-ESS1-054,HS-ESS1,conceptual,0.963,0.105,1,0
HS-ESS1-059,HS-ESS1,applied,0.963,0.105,1,0
HS-ESS1-063,HS-ESS1,applied,0.963,0.105,1,0
HS-ESS1-089,HS-ESS1,conceptual,0.963,0.105,1,0
HS-ESS1-092,HS-ESS1,recall,0.963,0.105,1,0
HS-ESS1-098,HS-ESS1,conceptual,0.963,0.105,1,0
HS-ESS1-100,HS-ESS1,conceptual,0.963,0.105,1,0
HS-ESS1-003,HS-ESS1,recall,1.0,0.0,1,0
HS-ESS1-026,HS-ESS1,recall,1.0,0.0,1,0
HS-ESS1-027,HS-ESS1,recall,1.0,0.0,1,0
HS-ESS1-051,HS-ESS1,conceptual,1.0,0.0,1,0
HS-ESS1-058,HS-ESS1,applied,1.0,0.0,1,0
HS-ESS1-060,HS-ESS1,applied,1.0,0.0,1,0
HS-ESS1-062,HS-ESS1,applied,1.0,0.0,1,0
HS-ESS1-076,HS-ESS1,applied,1.0,0.0,1,0
HS-ESS1-083,HS-ESS1,recall,1.0,0.0,1,0
HS-ESS1-088,HS-ESS1,applied,1.0,0.0,1,0
HS-ESS1-091,HS-ESS1,applied,1.0,0.0,1,0
HS-ESS1-096,HS-ESS1,recall,1.0,0.0,1,0
HS-ESS1-097,HS-ESS1,recall,1.0,0.0,1,0
HS-ESS1-099,HS-ESS1,recall,1.0,0.0,1,0
HS-ESS2-091,HS-ESS2,applied,0.37,0.292,0,0
HS-ESS2-047,HS-ESS2,conceptual,0.444,0.351,0,0
HS-ESS2-094,HS-ESS2,recall,0.556,0.314,0,0
HS-ESS2-028,HS-ESS2,conceptual,0.593,0.438,0,0
HS-ESS2-071,HS-ESS2,applied,0.63,0.399,0,0
HS-ESS2-006,HS-ESS2,recall,0.667,0.272,0,0
HS-ESS2-021,HS-ESS2,recall,0.667,0.416,0,0
HS-ESS2-046,HS-ESS2,conceptual,0.667,0.416,0,0
HS-ESS2-082,HS-ESS2,applied,0.667,0.351,0,0
HS-ESS2-008,HS-ESS2,recall,0.704,0.292,0,0
HS-ESS2-017,HS-ESS2,recall,0.741,0.343,0,0
HS-ESS2-027,HS-ESS2,conceptual,0.741,0.262,0,0
HS-ESS2-041,HS-ESS2,conceptual,0.741,0.305,0,0
HS-ESS2-053,HS-ESS2,conceptual,0.741,0.262,0,0
HS-ESS2-024,HS-ESS2,recall,0.778,0.314,0,0
HS-ESS2-033,HS-ESS2,conceptual,0.778,0.222,0,0
HS-ESS2-049,HS-ESS2,conceptual,0.778,0.351,0,0
HS-ESS2-055,HS-ESS2,conceptual,0.778,0.351,0,0
HS-ESS2-058,HS-ESS2,applied,0.778,0.351,0,0
HS-ESS2-009,HS-ESS2,recall,0.815,0.228,0,0
HS-ESS2-018,HS-ESS2,recall,0.815,0.228,0,0
HS-ESS2-039,HS-ESS2,conceptual,0.815,0.319,0,0
HS-ESS2-056,HS-ESS2,conceptual,0.815,0.277,0,0
HS-ESS2-060,HS-ESS2,applied,0.815,0.319,0,0
HS-ESS2-062,HS-ESS2,applied,0.815,0.319,0,0
HS-ESS2-067,HS-ESS2,applied,0.815,0.319,0,0
HS-ESS2-075,HS-ESS2,applied,0.815,0.166,0,0
HS-ESS2-076,HS-ESS2,applied,0.815,0.228,0,0
HS-ESS2-014,HS-ESS2,recall,0.852,0.228,0,0
HS-ESS2-025,HS-ESS2,conceptual,0.852,0.228,0,0
HS-ESS2-037,HS-ESS2,conceptual,0.852,0.166,0,0
HS-ESS2-038,HS-ESS2,conceptual,0.852,0.166,0,0
HS-ESS2-054,HS-ESS2,conceptual,0.852,0.319,0,0
HS-ESS2-086,HS-ESS2,applied,0.852,0.228,0,0
HS-ESS2-001,HS-ESS2,recall,0.889,0.157,0,0
HS-ESS2-023,HS-ESS2,recall,0.889,0.314,0,0
HS-ESS2-034,HS-ESS2,conceptual,0.889,0.157,0,0
HS-ESS2-035,HS-ESS2,conceptual,0.889,0.222,0,0
HS-ESS2-044,HS-ESS2,conceptual,0.889,0.222,0,0
HS-ESS2-048,HS-ESS2,conceptual,0.889,0.157,0,0
HS-ESS2-068,HS-ESS2,applied,0.889,0.222,0,0
HS-ESS2-072,HS-ESS2,applied,0.889,0.157,0,0
HS-ESS2-077,HS-ESS2,applied,0.889,0.222,0,0
HS-ESS2-083,HS-ESS2,applied,0.889,0.222,0,0
HS-ESS2-089,HS-ESS2,applied,0.889,0.157,0,0
HS-ESS2-090,HS-ESS2,applied,0.889,0.222,0,0
HS-ESS2-003,HS-ESS2,recall,0.926,0.139,0,0
HS-ESS2-012,HS-ESS2,recall,0.926,0.21,0,0
HS-ESS2-016,HS-ESS2,recall,0.926,0.139,0,0
HS-ESS2-026,HS-ESS2,conceptual,0.926,0.139,0,0
HS-ESS2-036,HS-ESS2,conceptual,0.926,0.139,0,0
HS-ESS2-040,HS-ESS2,conceptual,0.926,0.21,0,0
HS-ESS2-042,HS-ESS2,conceptual,0.926,0.139,0,0
HS-ESS2-051,HS-ESS2,conceptual,0.926,0.21,0,0
HS-ESS2-057,HS-ESS2,conceptual,0.926,0.139,0,0
HS-ESS2-059,HS-ESS2,applied,0.926,0.139,0,0
HS-ESS2-061,HS-ESS2,applied,0.926,0.139,0,0
HS-ESS2-063,HS-ESS2,applied,0.926,0.139,0,0
HS-ESS2-073,HS-ESS2,applied,0.926,0.21,0,0
HS-ESS2-002,HS-ESS2,recall,0.963,0.105,1,0
HS-ESS2-007,HS-ESS2,recall,0.963,0.105,1,0
HS-ESS2-011,HS-ESS2,recall,0.963,0.105,1,0
HS-ESS2-020,HS-ESS2,recall,0.963,0.105,1,0
HS-ESS2-022,HS-ESS2,recall,0.963,0.105,1,0
HS-ESS2-029,HS-ESS2,conceptual,0.963,0.105,1,0
HS-ESS2-030,HS-ESS2,conceptual,0.963,0.105,1,0
HS-ESS2-031,HS-ESS2,conceptual,0.963,0.105,1,0
HS-ESS2-052,HS-ESS2,conceptual,0.963,0.105,1,0
HS-ESS2-066,HS-ESS2,applied,0.963,0.105,1,0
HS-ESS2-069,HS-ESS2,applied,0.963,0.105,1,0
HS-ESS2-070,HS-ESS2,applied,0.963,0.105,1,0
HS-ESS2-078,HS-ESS2,applied,0.963,0.105,1,0
HS-ESS2-079,HS-ESS2,applied,0.963,0.105,1,0
HS-ESS2-080,HS-ESS2,applied,0.963,0.105,1,0
HS-ESS2-088,HS-ESS2,applied,0.963,0.105,1,0
HS-ESS2-093,HS-ESS2,recall,0.963,0.105,1,0
HS-ESS2-096,HS-ESS2,recall,0.963,0.105,1,0
HS-ESS2-099,HS-ESS2,recall,0.963,0.105,1,0
HS-ESS2-100,HS-ESS2,recall,0.963,0.105,1,0
HS-ESS2-004,HS-ESS2,recall,1.0,0.0,1,0
HS-ESS2-005,HS-ESS2,recall,1.0,0.0,1,0
HS-ESS2-010,HS-ESS2,recall,1.0,0.0,1,0
HS-ESS2-013,HS-ESS2,recall,1.0,0.0,1,0
HS-ESS2-015,HS-ESS2,recall,1.0,0.0,1,0
HS-ESS2-019,HS-ESS2,recall,1.0,0.0,1,0
HS-ESS2-032,HS-ESS2,conceptual,1.0,0.0,1,0
HS-ESS2-043,HS-ESS2,conceptual,1.0,0.0,1,0
HS-ESS2-045,HS-ESS2,conceptual,1.0,0.0,1,0
HS-ESS2-050,HS-ESS2,conceptual,1.0,0.0,1,0
HS-ESS2-064,HS-ESS2,applied,1.0,0.0,1,0
HS-ESS2-065,HS-ESS2,applied,1.0,0.0,1,0
HS-ESS2-074,HS-ESS2,applied,1.0,0.0,1,0
HS-ESS2-084,HS-ESS2,applied,1.0,0.0,1,0
HS-ESS2-087,HS-ESS2,applied,1.0,0.0,1,0
HS-ESS2-092,HS-ESS2,recall,1.0,0.0,1,0
HS-ESS2-097,HS-ESS2,recall,1.0,0.0,1,0
HS-ESS3-058,HS-ESS3,applied,0.111,0.222,0,0
HS-ESS3-035,HS-ESS3,conceptual,0.815,0.277,0,0
HS-ESS3-044,HS-ESS3,applied,0.815,0.228,0,0
HS-ESS3-082,HS-ESS3,applied,0.815,0.228,0,0
HS-ESS3-016,HS-ESS3,recall,0.852,0.228,0,0
HS-ESS3-018,HS-ESS3,recall,0.852,0.228,0,0
HS-ESS3-027,HS-ESS3,conceptual,0.852,0.228,0,0
HS-ESS3-060,HS-ESS3,applied,0.852,0.228,0,0
HS-ESS3-020,HS-ESS3,conceptual,0.889,0.157,0,0
HS-ESS3-031,HS-ESS3,conceptual,0.889,0.222,0,0
HS-ESS3-034,HS-ESS3,conceptual,0.889,0.157,0,0
HS-ESS3-041,HS-ESS3,applied,0.889,0.157,0,0
HS-ESS3-001,HS-ESS3,recall,0.926,0.139,0,0
HS-ESS3-015,HS-ESS3,recall,0.926,0.21,0,0
HS-ESS3-022,HS-ESS3,conceptual,0.926,0.139,0,0
HS-ESS3-024,HS-ESS3,conceptual,0.926,0.139,0,0
HS-ESS3-026,HS-ESS3,conceptual,0.926,0.139,0,0
HS-ESS3-029,HS-ESS3,conceptual,0.926,0.139,0,0
HS-ESS3-040,HS-ESS3,conceptual,0.926,0.139,0,0
HS-ESS3-048,HS-ESS3,applied,0.926,0.139,0,0
HS-ESS3-051,HS-ESS3,applied,0.926,0.139,0,0
HS-ESS3-053,HS-ESS3,applied,0.926,0.21,0,0
HS-ESS3-064,HS-ESS3,applied,0.926,0.21,0,0
HS-ESS3-084,HS-ESS3,recall,0.926,0.139,0,0
HS-ESS3-005,HS-ESS3,recall,0.963,0.105,1,0
HS-ESS3-011,HS-ESS3,recall,0.963,0.105,1,0
HS-ESS3-019,HS-ESS3,conceptual,0.963,0.105,1,0
HS-ESS3-021,HS-ESS3,conceptual,0.963,0.105,1,0
HS-ESS3-028,HS-ESS3,conceptual,0.963,0.105,1,0
HS-ESS3-033,HS-ESS3,conceptual,0.963,0.105,1,0
HS-ESS3-038,HS-ESS3,conceptual,0.963,0.105,1,0
HS-ESS3-052,HS-ESS3,applied,0.963,0.105,1,0
HS-ESS3-057,HS-ESS3,applied,0.963,0.105,1,0
HS-ESS3-061,HS-ESS3,applied,0.963,0.105,1,0
HS-ESS3-067,HS-ESS3,recall,0.963,0.105,1,0
HS-ESS3-073,HS-ESS3,applied,0.963,0.105,1,0
HS-ESS3-079,HS-ESS3,conceptual,0.963,0.105,1,0
HS-ESS3-089,HS-ESS3,conceptual,0.963,0.105,1,0
HS-ESS3-092,HS-ESS3,recall,0.963,0.105,1,0
HS-ESS3-093,HS-ESS3,recall,0.963,0.105,1,0
HS-ESS3-002,HS-ESS3,recall,1.0,0.0,1,0
HS-ESS3-003,HS-ESS3,recall,1.0,0.0,1,0
HS-ESS3-004,HS-ESS3,recall,1.0,0.0,1,0
HS-ESS3-006,HS-ESS3,recall,1.0,0.0,1,0
HS-ESS3-008,HS-ESS3,recall,1.0,0.0,1,0
HS-ESS3-009,HS-ESS3,recall,1.0,0.0,1,0
HS-ESS3-010,HS-ESS3,recall,1.0,0.0,1,0
HS-ESS3-012,HS-ESS3,recall,1.0,0.0,1,0
HS-ESS3-013,HS-ESS3,recall,1.0,0.0,1,0
HS-ESS3-014,HS-ESS3,recall,1.0,0.0,1,0
HS-ESS3-017,HS-ESS3,recall,1.0,0.0,1,0
HS-ESS3-023,HS-ESS3,conceptual,1.0,0.0,1,0
HS-ESS3-025,HS-ESS3,conceptual,1.0,0.0,1,0
HS-ESS3-030,HS-ESS3,conceptual,1.0,0.0,1,0
HS-ESS3-032,HS-ESS3,conceptual,1.0,0.0,1,0
HS-ESS3-036,HS-ESS3,conceptual,1.0,0.0,1,0
HS-ESS3-037,HS-ESS3,conceptual,1.0,0.0,1,0
HS-ESS3-039,HS-ESS3,conceptual,1.0,0.0,1,0
HS-ESS3-042,HS-ESS3,applied,1.0,0.0,1,0
HS-ESS3-043,HS-ESS3,applied,1.0,0.0,1,0
HS-ESS3-045,HS-ESS3,applied,1.0,0.0,1,0
HS-ESS3-046,HS-ESS3,applied,1.0,0.0,1,0
HS-ESS3-047,HS-ESS3,applied,1.0,0.0,1,0
HS-ESS3-049,HS-ESS3,applied,1.0,0.0,1,0
HS-ESS3-050,HS-ESS3,applied,1.0,0.0,1,0
HS-ESS3-054,HS-ESS3,applied,1.0,0.0,1,0
HS-ESS3-055,HS-ESS3,applied,1.0,0.0,1,0
HS-ESS3-056,HS-ESS3,applied,1.0,0.0,1,0
HS-ESS3-059,HS-ESS3,applied,1.0,0.0,1,0
HS-ESS3-062,HS-ESS3,applied,1.0,0.0,1,0
HS-ESS3-063,HS-ESS3,applied,1.0,0.0,1,0
HS-ESS3-065,HS-ESS3,applied,1.0,0.0,1,0
HS-ESS3-066,HS-ESS3,recall,1.0,0.0,1,0
HS-ESS3-068,HS-ESS3,recall,1.0,0.0,1,0
HS-ESS3-069,HS-ESS3,conceptual,1.0,0.0,1,0
HS-ESS3-070,HS-ESS3,conceptual,1.0,0.0,1,0
HS-ESS3-071,HS-ESS3,conceptual,1.0,0.0,1,0
HS-ESS3-072,HS-ESS3,applied,1.0,0.0,1,0
HS-ESS3-074,HS-ESS3,applied,1.0,0.0,1,0
HS-ESS3-075,HS-ESS3,applied,1.0,0.0,1,0
HS-ESS3-076,HS-ESS3,applied,1.0,0.0,1,0
HS-ESS3-077,HS-ESS3,recall,1.0,0.0,1,0
HS-ESS3-078,HS-ESS3,conceptual,1.0,0.0,1,0
HS-ESS3-080,HS-ESS3,applied,1.0,0.0,1,0
HS-ESS3-081,HS-ESS3,applied,1.0,0.0,1,0
HS-ESS3-083,HS-ESS3,recall,1.0,0.0,1,0
HS-ESS3-085,HS-ESS3,recall,1.0,0.0,1,0
HS-ESS3-086,HS-ESS3,conceptual,1.0,0.0,1,0
HS-ESS3-087,HS-ESS3,conceptual,1.0,0.0,1,0
HS-ESS3-088,HS-ESS3,conceptual,1.0,0.0,1,0
HS-ESS3-090,HS-ESS3,recall,1.0,0.0,1,0
HS-ESS3-091,HS-ESS3,recall,1.0,0.0,1,0
HS-ESS3-095,HS-ESS3,conceptual,1.0,0.0,1,0
HS-ESS3-096,HS-ESS3,recall,1.0,0.0,1,0
HS-ESS3-097,HS-ESS3,recall,1.0,0.0,1,0
HS-ESS3-098,HS-ESS3,applied,1.0,0.0,1,0
HS-ESS3-099,HS-ESS3,recall,1.0,0.0,1,0
HS-ESS3-100,HS-ESS3,recall,1.0,0.0,1,0
HS-ETS1-055,HS-ETS1,applied,0.63,0.331,0,0
HS-ETS1-076,HS-ETS1,applied,0.778,0.351,0,0
HS-ETS1-039,HS-ETS1,conceptual,0.815,0.228,0,0
HS-ETS1-053,HS-ETS1,applied,0.815,0.277,0,0
HS-ETS1-063,HS-ETS1,applied,0.815,0.319,0,0
HS-ETS1-048,HS-ETS1,applied,0.852,0.319,0,0
HS-ETS1-050,HS-ETS1,applied,0.889,0.314,0,0
HS-ETS1-089,HS-ETS1,conceptual,0.889,0.222,0,0
HS-ETS1-040,HS-ETS1,conceptual,0.926,0.21,0,0
HS-ETS1-052,HS-ETS1,applied,0.926,0.139,0,0
HS-ETS1-060,HS-ETS1,applied,0.926,0.139,0,0
HS-ETS1-061,HS-ETS1,applied,0.926,0.21,0,0
HS-ETS1-064,HS-ETS1,applied,0.926,0.139,0,0
HS-ETS1-066,HS-ETS1,applied,0.926,0.139,0,0
HS-ETS1-071,HS-ETS1,applied,0.926,0.139,0,0
HS-ETS1-073,HS-ETS1,applied,0.926,0.21,0,0
HS-ETS1-079,HS-ETS1,recall,0.926,0.139,0,0
HS-ETS1-087,HS-ETS1,conceptual,0.926,0.139,0,0
HS-ETS1-007,HS-ETS1,recall,0.963,0.105,1,0
HS-ETS1-012,HS-ETS1,recall,0.963,0.105,1,0
HS-ETS1-019,HS-ETS1,recall,0.963,0.105,1,0
HS-ETS1-022,HS-ETS1,recall,0.963,0.105,1,0
HS-ETS1-023,HS-ETS1,recall,0.963,0.105,1,0
HS-ETS1-024,HS-ETS1,recall,0.963,0.105,1,0
HS-ETS1-038,HS-ETS1,conceptual,0.963,0.105,1,0
HS-ETS1-041,HS-ETS1,conceptual,0.963,0.105,1,0
HS-ETS1-044,HS-ETS1,applied,0.963,0.105,1,0
HS-ETS1-046,HS-ETS1,applied,0.963,0.105,1,0
HS-ETS1-056,HS-ETS1,applied,0.963,0.105,1,0
HS-ETS1-057,HS-ETS1,applied,0.963,0.105,1,0
HS-ETS1-059,HS-ETS1,applied,0.963,0.105,1,0
HS-ETS1-065,HS-ETS1,applied,0.963,0.105,1,0
HS-ETS1-070,HS-ETS1,applied,0.963,0.105,1,0
HS-ETS1-090,HS-ETS1,applied,0.963,0.105,1,0
HS-ETS1-001,HS-ETS1,recall,1.0,0.0,1,0
HS-ETS1-002,HS-ETS1,recall,1.0,0.0,1,0
HS-ETS1-003,HS-ETS1,recall,1.0,0.0,1,0
HS-ETS1-004,HS-ETS1,recall,1.0,0.0,1,0
HS-ETS1-005,HS-ETS1,recall,1.0,0.0,1,0
HS-ETS1-006,HS-ETS1,recall,1.0,0.0,1,0
HS-ETS1-008,HS-ETS1,recall,1.0,0.0,1,0
HS-ETS1-009,HS-ETS1,recall,1.0,0.0,1,0
HS-ETS1-010,HS-ETS1,recall,1.0,0.0,1,0
HS-ETS1-011,HS-ETS1,recall,1.0,0.0,1,0
HS-ETS1-013,HS-ETS1,recall,1.0,0.0,1,0
HS-ETS1-014,HS-ETS1,recall,1.0,0.0,1,0
HS-ETS1-015,HS-ETS1,recall,1.0,0.0,1,0
HS-ETS1-016,HS-ETS1,recall,1.0,0.0,1,0
HS-ETS1-017,HS-ETS1,recall,1.0,0.0,1,0
HS-ETS1-018,HS-ETS1,recall,1.0,0.0,1,0
HS-ETS1-020,HS-ETS1,recall,1.0,0.0,1,0
HS-ETS1-021,HS-ETS1,recall,1.0,0.0,1,0
HS-ETS1-025,HS-ETS1,recall,1.0,0.0,1,0
HS-ETS1-026,HS-ETS1,conceptual,1.0,0.0,1,0
HS-ETS1-027,HS-ETS1,conceptual,1.0,0.0,1,0
HS-ETS1-028,HS-ETS1,conceptual,1.0,0.0,1,0
HS-ETS1-029,HS-ETS1,conceptual,1.0,0.0,1,0
HS-ETS1-030,HS-ETS1,conceptual,1.0,0.0,1,0
HS-ETS1-031,HS-ETS1,conceptual,1.0,0.0,1,0
HS-ETS1-032,HS-ETS1,conceptual,1.0,0.0,1,0
HS-ETS1-033,HS-ETS1,conceptual,1.0,0.0,1,0
HS-ETS1-034,HS-ETS1,conceptual,1.0,0.0,1,0
HS-ETS1-035,HS-ETS1,conceptual,1.0,0.0,1,0
HS-ETS1-036,HS-ETS1,conceptual,1.0,0.0,1,0
HS-ETS1-037,HS-ETS1,conceptual,1.0,0.0,1,0
HS-ETS1-043,HS-ETS1,conceptual,1.0,0.0,1,0
HS-ETS1-045,HS-ETS1,applied,1.0,0.0,1,0
HS-ETS1-047,HS-ETS1,applied,1.0,0.0,1,0
HS-ETS1-049,HS-ETS1,applied,1.0,0.0,1,0
HS-ETS1-051,HS-ETS1,applied,1.0,0.0,1,0
HS-ETS1-054,HS-ETS1,applied,1.0,0.0,1,0
HS-ETS1-058,HS-ETS1,applied,1.0,0.0,1,0
HS-ETS1-062,HS-ETS1,applied,1.0,0.0,1,0
HS-ETS1-067,HS-ETS1,applied,1.0,0.0,1,0
HS-ETS1-068,HS-ETS1,applied,1.0,0.0,1,0
HS-ETS1-069,HS-ETS1,applied,1.0,0.0,1,0
HS-ETS1-072,HS-ETS1,applied,1.0,0.0,1,0
HS-ETS1-074,HS-ETS1,applied,1.0,0.0,1,0
HS-ETS1-075,HS-ETS1,applied,1.0,0.0,1,0
HS-ETS1-077,HS-ETS1,recall,1.0,0.0,1,0
HS-ETS1-078,HS-ETS1,recall,1.0,0.0,1,0
HS-ETS1-080,HS-ETS1,conceptual,1.0,0.0,1,0
HS-ETS1-081,HS-ETS1,conceptual,1.0,0.0,1,0
HS-ETS1-082,HS-ETS1,conceptual,1.0,0.0,1,0
HS-ETS1-083,HS-ETS1,conceptual,1.0,0.0,1,0
HS-ETS1-084,HS-ETS1,conceptual,1.0,0.0,1,0
HS-ETS1-085,HS-ETS1,conceptual,1.0,0.0,1,0
HS-ETS1-086,HS-ETS1,conceptual,1.0,0.0,1,0
HS-ETS1-088,HS-ETS1,conceptual,1.0,0.0,1,0
HS-ETS1-091,HS-ETS1,recall,1.0,0.0,1,0
HS-ETS1-092,HS-ETS1,conceptual,1.0,0.0,1,0
HS-ETS1-093,HS-ETS1,conceptual,1.0,0.0,1,0
HS-ETS1-094,HS-ETS1,recall,1.0,0.0,1,0
HS-ETS1-095,HS-ETS1,recall,1.0,0.0,1,0
HS-ETS1-096,HS-ETS1,conceptual,1.0,0.0,1,0
HS-ETS1-097,HS-ETS1,conceptual,1.0,0.0,1,0
HS-ETS1-098,HS-ETS1,conceptual,1.0,0.0,1,0
HS-LS1-043,HS-LS1,conceptual,0.519,0.228,0,0
HS-LS1-047,HS-LS1,conceptual,0.519,0.474,0,0
HS-LS1-016,HS-LS1,recall,0.593,0.262,0,0
HS-LS1-076,HS-LS1,applied,0.63,0.399,0,0
HS-LS1-089,HS-LS1,conceptual,0.63,0.331,0,0
HS-LS1-079,HS-LS1,applied,0.704,0.292,0,0
HS-LS1-080,HS-LS1,applied,0.741,0.378,0,0
HS-LS1-062,HS-LS1,applied,0.778,0.351,0,0
HS-LS1-073,HS-LS1,applied,0.778,0.222,0,0
HS-LS1-093,HS-LS1,recall,0.778,0.314,0,0
HS-LS1-094,HS-LS1,conceptual,0.778,0.314,0,0
HS-LS1-040,HS-LS1,conceptual,0.815,0.355,0,0
HS-LS1-081,HS-LS1,applied,0.815,0.228,0,0
HS-LS1-088,HS-LS1,conceptual,0.815,0.355,0,0
HS-LS1-044,HS-LS1,conceptual,0.852,0.228,0,0
HS-LS1-057,HS-LS1,applied,0.852,0.228,0,0
HS-LS1-075,HS-LS1,applied,0.852,0.228,0,0
HS-LS1-099,HS-LS1,recall,0.852,0.228,0,0
HS-LS1-003,HS-LS1,recall,0.889,0.157,0,0
HS-LS1-006,HS-LS1,recall,0.889,0.314,0,0
HS-LS1-029,HS-LS1,conceptual,0.889,0.222,0,0
HS-LS1-032,HS-LS1,conceptual,0.889,0.222,0,0
HS-LS1-036,HS-LS1,conceptual,0.889,0.157,0,0
HS-LS1-042,HS-LS1,conceptual,0.889,0.157,0,0
HS-LS1-050,HS-LS1,applied,0.889,0.157,0,0
HS-LS1-055,HS-LS1,applied,0.889,0.222,0,0
HS-LS1-071,HS-LS1,applied,0.889,0.314,0,0
HS-LS1-077,HS-LS1,applied,0.889,0.314,0,0
HS-LS1-078,HS-LS1,applied,0.889,0.157,0,0
HS-LS1-092,HS-LS1,recall,0.889,0.222,0,0
HS-LS1-095,HS-LS1,conceptual,0.889,0.222,0,0
HS-LS1-005,HS-LS1,recall,0.926,0.139,0,0
HS-LS1-007,HS-LS1,recall,0.926,0.21,0,0
HS-LS1-012,HS-LS1,recall,0.926,0.139,0,0
HS-LS1-020,HS-LS1,recall,0.926,0.139,0,0
HS-LS1-022,HS-LS1,conceptual,0.926,0.139,0,0
HS-LS1-028,HS-LS1,conceptual,0.926,0.139,0,0
HS-LS1-030,HS-LS1,conceptual,0.926,0.139,0,0
HS-LS1-037,HS-LS1,conceptual,0.926,0.139,0,0
HS-LS1-041,HS-LS1,conceptual,0.926,0.139,0,0
HS-LS1-045,HS-LS1,conceptual,0.926,0.139,0,0
HS-LS1-046,HS-LS1,conceptual,0.926,0.139,0,0
HS-LS1-060,HS-LS1,applied,0.926,0.21,0,0
HS-LS1-061,HS-LS1,applied,0.926,0.139,0,0
HS-LS1-065,HS-LS1,applied,0.926,0.139,0,0
HS-LS1-067,HS-LS1,applied,0.926,0.21,0,0
HS-LS1-069,HS-LS1,applied,0.926,0.21,0,0
HS-LS1-070,HS-LS1,applied,0.926,0.139,0,0
HS-LS1-083,HS-LS1,recall,0.926,0.21,0,0
HS-LS1-084,HS-LS1,recall,0.926,0.139,0,0
HS-LS1-091,HS-LS1,recall,0.926,0.139,0,0
HS-LS1-097,HS-LS1,recall,0.926,0.21,0,0
HS-LS1-001,HS-LS1,recall,0.963,0.105,1,0
HS-LS1-013,HS-LS1,recall,0.963,0.105,1,0
HS-LS1-014,HS-LS1,recall,0.963,0.105,1,0
HS-LS1-015,HS-LS1,recall,0.963,0.105,1,0
HS-LS1-019,HS-LS1,recall,0.963,0.105,1,0
HS-LS1-021,HS-LS1,conceptual,0.963,0.105,1,0
HS-LS1-033,HS-LS1,conceptual,0.963,0.105,1,0
HS-LS1-034,HS-LS1,conceptual,0.963,0.105,1,0
HS-LS1-035,HS-LS1,conceptual,0.963,0.105,1,0
HS-LS1-038,HS-LS1,conceptual,0.963,0.105,1,0
HS-LS1-039,HS-LS1,conceptual,0.963,0.105,1,0
HS-LS1-053,HS-LS1,applied,0.963,0.105,1,0
HS-LS1-054,HS-LS1,applied,0.963,0.105,1,0
HS-LS1-058,HS-LS1,applied,0.963,0.105,1,0
HS-LS1-063,HS-LS1,applied,0.963,0.105,1,0
HS-LS1-064,HS-LS1,applied,0.963,0.105,1,0
HS-LS1-066,HS-LS1,applied,0.963,0.105,1,0
HS-LS1-072,HS-LS1,applied,0.963,0.105,1,0
HS-LS1-074,HS-LS1,applied,0.963,0.105,1,0
HS-LS1-082,HS-LS1,applied,0.963,0.105,1,0
HS-LS1-096,HS-LS1,recall,0.963,0.105,1,0
HS-LS1-002,HS-LS1,recall,1.0,0.0,1,0
HS-LS1-004,HS-LS1,recall,1.0,0.0,1,0
HS-LS1-008,HS-LS1,recall,1.0,0.0,1,0
HS-LS1-009,HS-LS1,recall,1.0,0.0,1,0
HS-LS1-010,HS-LS1,recall,1.0,0.0,1,0
HS-LS1-011,HS-LS1,recall,1.0,0.0,1,0
HS-LS1-017,HS-LS1,recall,1.0,0.0,1,0
HS-LS1-018,HS-LS1,recall,1.0,0.0,1,0
HS-LS1-023,HS-LS1,conceptual,1.0,0.0,1,0
HS-LS1-024,HS-LS1,conceptual,1.0,0.0,1,0
HS-LS1-025,HS-LS1,conceptual,1.0,0.0,1,0
HS-LS1-026,HS-LS1,conceptual,1.0,0.0,1,0
HS-LS1-027,HS-LS1,conceptual,1.0,0.0,1,0
HS-LS1-031,HS-LS1,conceptual,1.0,0.0,1,0
HS-LS1-048,HS-LS1,conceptual,1.0,0.0,1,0
HS-LS1-051,HS-LS1,applied,1.0,0.0,1,0
HS-LS1-052,HS-LS1,applied,1.0,0.0,1,0
HS-LS1-056,HS-LS1,applied,1.0,0.0,1,0
HS-LS1-059,HS-LS1,applied,1.0,0.0,1,0
HS-LS1-068,HS-LS1,applied,1.0,0.0,1,0
HS-LS1-085,HS-LS1,recall,1.0,0.0,1,0
HS-LS1-086,HS-LS1,recall,1.0,0.0,1,0
HS-LS1-087,HS-LS1,conceptual,1.0,0.0,1,0
HS-LS1-090,HS-LS1,recall,1.0,0.0,1,0
HS-LS1-098,HS-LS1,recall,1.0,0.0,1,0
HS-LS2-060,HS-LS2,applied,0.444,0.444,0,0
HS-LS2-062,HS-LS2,applied,0.63,0.399,0,0
HS-LS2-044,HS-LS2,applied,0.667,0.385,0,0
HS-LS2-046,HS-LS2,applied,0.704,0.367,0,0
HS-LS2-091,HS-LS2,recall,0.741,0.305,0,0
HS-LS2-020,HS-LS2,conceptual,0.778,0.314,0,0
HS-LS2-078,HS-LS2,recall,0.778,0.351,0,0
HS-LS2-086,HS-LS2,recall,0.778,0.351,0,0
HS-LS2-037,HS-LS2,conceptual,0.815,0.228,0,0
HS-LS2-048,HS-LS2,applied,0.815,0.228,0,0
HS-LS2-059,HS-LS2,applied,0.815,0.228,0,0
HS-LS2-004,HS-LS2,recall,0.852,0.319,0,0
HS-LS2-023,HS-LS2,conceptual,0.852,0.166,0,0
HS-LS2-027,HS-LS2,conceptual,0.852,0.319,0,0
HS-LS2-083,HS-LS2,conceptual,0.852,0.228,0,0
HS-LS2-090,HS-LS2,conceptual,0.852,0.277,0,0
HS-LS2-017,HS-LS2,conceptual,0.889,0.157,0,0
HS-LS2-035,HS-LS2,conceptual,0.889,0.157,0,0
HS-LS2-053,HS-LS2,applied,0.889,0.222,0,0
HS-LS2-057,HS-LS2,applied,0.889,0.222,0,0
HS-LS2-076,HS-LS2,recall,0.889,0.157,0,0
HS-LS2-079,HS-LS2,recall,0.889,0.222,0,0
HS-LS2-002,HS-LS2,recall,0.926,0.139,0,0
HS-LS2-007,HS-LS2,recall,0.926,0.139,0,0
HS-LS2-021,HS-LS2,conceptual,0.926,0.139,0,0
HS-LS2-022,HS-LS2,conceptual,0.926,0.21,0,0
HS-LS2-024,HS-LS2,conceptual,0.926,0.139,0,0
HS-LS2-039,HS-LS2,applied,0.926,0.139,0,0
HS-LS2-071,HS-LS2,applied,0.926,0.139,0,0
HS-LS2-089,HS-LS2,recall,0.926,0.139,0,0
HS-LS2-094,HS-LS2,recall,0.926,0.21,0,0
HS-LS2-001,HS-LS2,recall,0.963,0.105,1,0
HS-LS2-005,HS-LS2,recall,0.963,0.105,1,0
HS-LS2-006,HS-LS2,recall,0.963,0.105,1,0
HS-LS2-012,HS-LS2,recall,0.963,0.105,1,0
HS-LS2-015,HS-LS2,conceptual,0.963,0.105,1,0
HS-LS2-028,HS-LS2,conceptual,0.963,0.105,1,0
HS-LS2-029,HS-LS2,conceptual,0.963,0.105,1,0
HS-LS2-030,HS-LS2,conceptual,0.963,0.105,1,0
HS-LS2-031,HS-LS2,conceptual,0.963,0.105,1,0
HS-LS2-036,HS-LS2,conceptual,0.963,0.105,1,0
HS-LS2-051,HS-LS2,applied,0.963,0.105,1,0
HS-LS2-069,HS-LS2,applied,0.963,0.105,1,0
HS-LS2-088,HS-LS2,recall,0.963,0.105,1,0
HS-LS2-093,HS-LS2,recall,0.963,0.105,1,0
HS-LS2-098,HS-LS2,recall,0.963,0.105,1,0
HS-LS2-099,HS-LS2,recall,0.963,0.105,1,0
HS-LS2-003,HS-LS2,recall,1.0,0.0,1,0
HS-LS2-008,HS-LS2,recall,1.0,0.0,1,0
HS-LS2-009,HS-LS2,recall,1.0,0.0,1,0
HS-LS2-010,HS-LS2,recall,1.0,0.0,1,0
HS-LS2-011,HS-LS2,recall,1.0,0.0,1,0
HS-LS2-013,HS-LS2,conceptual,1.0,0.0,1,0
HS-LS2-018,HS-LS2,conceptual,1.0,0.0,1,0
HS-LS2-019,HS-LS2,conceptual,1.0,0.0,1,0
HS-LS2-025,HS-LS2,conceptual,1.0,0.0,1,0
HS-LS2-026,HS-LS2,conceptual,1.0,0.0,1,0
HS-LS2-032,HS-LS2,conceptual,1.0,0.0,1,0
HS-LS2-033,HS-LS2,conceptual,1.0,0.0,1,0
HS-LS2-034,HS-LS2,conceptual,1.0,0.0,1,0
HS-LS2-040,HS-LS2,applied,1.0,0.0,1,0
HS-LS2-045,HS-LS2,applied,1.0,0.0,1,0
HS-LS2-050,HS-LS2,applied,1.0,0.0,1,0
HS-LS2-052,HS-LS2,applied,1.0,0.0,1,0
HS-LS2-054,HS-LS2,applied,1.0,0.0,1,0
HS-LS2-055,HS-LS2,applied,1.0,0.0,1,0
HS-LS2-056,HS-LS2,applied,1.0,0.0,1,0
HS-LS2-058,HS-LS2,applied,1.0,0.0,1,0
HS-LS2-061,HS-LS2,applied,1.0,0.0,1,0
HS-LS2-063,HS-LS2,applied,1.0,0.0,1,0
HS-LS2-064,HS-LS2,applied,1.0,0.0,1,0
HS-LS2-065,HS-LS2,applied,1.0,0.0,1,0
HS-LS2-066,HS-LS2,applied,1.0,0.0,1,0
HS-LS2-067,HS-LS2,applied,1.0,0.0,1,0
HS-LS2-068,HS-LS2,applied,1.0,0.0,1,0
HS-LS2-070,HS-LS2,applied,1.0,0.0,1,0
HS-LS2-072,HS-LS2,recall,1.0,0.0,1,0
HS-LS2-073,HS-LS2,recall,1.0,0.0,1,0
HS-LS2-074,HS-LS2,recall,1.0,0.0,1,0
HS-LS2-077,HS-LS2,recall,1.0,0.0,1,0
HS-LS2-080,HS-LS2,conceptual,1.0,0.0,1,0
HS-LS2-082,HS-LS2,conceptual,1.0,0.0,1,0
HS-LS2-087,HS-LS2,recall,1.0,0.0,1,0
HS-LS2-092,HS-LS2,recall,1.0,0.0,1,0
HS-LS2-095,HS-LS2,conceptual,1.0,0.0,1,0
HS-LS2-096,HS-LS2,conceptual,1.0,0.0,1,0
HS-LS2-097,HS-LS2,recall,1.0,0.0,1,0
HS-LS2-100,HS-LS2,recall,1.0,0.0,1,0
HS-LS3-031,HS-LS3,conceptual,0.704,0.367,0,0
HS-LS3-071,HS-LS3,applied,0.704,0.399,0,0
HS-LS3-029,HS-LS3,conceptual,0.741,0.343,0,0
HS-LS3-073,HS-LS3,applied,0.741,0.409,0,0
HS-LS3-090,HS-LS3,conceptual,0.741,0.305,0,0
HS-LS3-053,HS-LS3,applied,0.778,0.272,0,0
HS-LS3-075,HS-LS3,applied,0.778,0.416,0,0
HS-LS3-088,HS-LS3,recall,0.778,0.351,0,0
HS-LS3-095,HS-LS3,conceptual,0.778,0.351,0,0
HS-LS3-017,HS-LS3,recall,0.815,0.319,0,0
HS-LS3-024,HS-LS3,conceptual,0.815,0.355,0,0
HS-LS3-036,HS-LS3,conceptual,0.815,0.228,0,0
HS-LS3-059,HS-LS3,applied,0.815,0.319,0,0
HS-LS3-066,HS-LS3,applied,0.815,0.319,0,0
HS-LS3-006,HS-LS3,recall,0.852,0.277,0,0
HS-LS3-009,HS-LS3,recall,0.852,0.228,0,0
HS-LS3-026,HS-LS3,conceptual,0.852,0.319,0,0
HS-LS3-027,HS-LS3,conceptual,0.852,0.228,0,0
HS-LS3-041,HS-LS3,conceptual,0.852,0.228,0,0
HS-LS3-042,HS-LS3,conceptual,0.852,0.228,0,0
HS-LS3-063,HS-LS3,applied,0.852,0.228,0,0
HS-LS3-069,HS-LS3,applied,0.852,0.228,0,0
HS-LS3-072,HS-LS3,applied,0.852,0.319,0,0
HS-LS3-077,HS-LS3,applied,0.852,0.277,0,0
HS-LS3-080,HS-LS3,applied,0.852,0.228,0,0
HS-LS3-084,HS-LS3,recall,0.852,0.228,0,0
HS-LS3-007,HS-LS3,recall,0.889,0.157,0,0
HS-LS3-019,HS-LS3,recall,0.889,0.157,0,0
HS-LS3-033,HS-LS3,conceptual,0.889,0.222,0,0
HS-LS3-035,HS-LS3,conceptual,0.889,0.157,0,0
HS-LS3-037,HS-LS3,conceptual,0.889,0.222,0,0
HS-LS3-040,HS-LS3,conceptual,0.889,0.222,0,0
HS-LS3-045,HS-LS3,conceptual,0.889,0.157,0,0
HS-LS3-050,HS-LS3,applied,0.889,0.222,0,0
HS-LS3-056,HS-LS3,applied,0.889,0.222,0,0
HS-LS3-061,HS-LS3,applied,0.889,0.314,0,0
HS-LS3-062,HS-LS3,applied,0.889,0.222,0,0
HS-LS3-079,HS-LS3,applied,0.889,0.314,0,0
HS-LS3-004,HS-LS3,recall,0.926,0.139,0,0
HS-LS3-008,HS-LS3,recall,0.926,0.21,0,0
HS-LS3-010,HS-LS3,recall,0.926,0.139,0,0
HS-LS3-012,HS-LS3,recall,0.926,0.139,0,0
HS-LS3-022,HS-LS3,conceptual,0.926,0.139,0,0
HS-LS3-023,HS-LS3,conceptual,0.926,0.139,0,0
HS-LS3-030,HS-LS3,conceptual,0.926,0.139,0,0
HS-LS3-044,HS-LS3,conceptual,0.926,0.139,0,0
HS-LS3-051,HS-LS3,applied,0.926,0.139,0,0
HS-LS3-064,HS-LS3,applied,0.926,0.21,0,0
HS-LS3-070,HS-LS3,applied,0.926,0.21,0,0
HS-LS3-074,HS-LS3,applied,0.926,0.21,0,0
HS-LS3-083,HS-LS3,recall,0.926,0.139,0,0
HS-LS3-089,HS-LS3,conceptual,0.926,0.139,0,0
HS-LS3-093,HS-LS3,conceptual,0.926,0.139,0,0
HS-LS3-002,HS-LS3,recall,0.963,0.105,1,0
HS-LS3-011,HS-LS3,recall,0.963,0.105,1,0
HS-LS3-013,HS-LS3,recall,0.963,0.105,1,0
HS-LS3-014,HS-LS3,recall,0.963,0.105,1,0
HS-LS3-016,HS-LS3,recall,0.963,0.105,1,0
HS-LS3-020,HS-LS3,recall,0.963,0.105,1,0
HS-LS3-034,HS-LS3,conceptual,0.963,0.105,1,0
HS-LS3-049,HS-LS3,applied,0.963,0.105,1,0
HS-LS3-054,HS-LS3,applied,0.963,0.105,1,0
HS-LS3-065,HS-LS3,applied,0.963,0.105,1,0
HS-LS3-067,HS-LS3,applied,0.963,0.105,1,0
HS-LS3-086,HS-LS3,recall,0.963,0.105,1,0
HS-LS3-087,HS-LS3,recall,0.963,0.105,1,0
HS-LS3-091,HS-LS3,conceptual,0.963,0.105,1,0
HS-LS3-097,HS-LS3,recall,0.963,0.105,1,0
HS-LS3-098,HS-LS3,recall,0.963,0.105,1,0
HS-LS3-099,HS-LS3,recall,0.963,0.105,1,0
HS-LS3-001,HS-LS3,recall,1.0,0.0,1,0
HS-LS3-003,HS-LS3,recall,1.0,0.0,1,0
HS-LS3-005,HS-LS3,recall,1.0,0.0,1,0
HS-LS3-015,HS-LS3,recall,1.0,0.0,1,0
HS-LS3-018,HS-LS3,recall,1.0,0.0,1,0
HS-LS3-021,HS-LS3,recall,1.0,0.0,1,0
HS-LS3-025,HS-LS3,conceptual,1.0,0.0,1,0
HS-LS3-028,HS-LS3,conceptual,1.0,0.0,1,0
HS-LS3-032,HS-LS3,conceptual,1.0,0.0,1,0
HS-LS3-038,HS-LS3,conceptual,1.0,0.0,1,0
HS-LS3-039,HS-LS3,conceptual,1.0,0.0,1,0
HS-LS3-043,HS-LS3,conceptual,1.0,0.0,1,0
HS-LS3-047,HS-LS3,conceptual,1.0,0.0,1,0
HS-LS3-048,HS-LS3,applied,1.0,0.0,1,0
HS-LS3-052,HS-LS3,applied,1.0,0.0,1,0
HS-LS3-057,HS-LS3,applied,1.0,0.0,1,0
HS-LS3-058,HS-LS3,applied,1.0,0.0,1,0
HS-LS3-060,HS-LS3,applied,1.0,0.0,1,0
HS-LS3-068,HS-LS3,applied,1.0,0.0,1,0
HS-LS3-078,HS-LS3,applied,1.0,0.0,1,0
HS-LS3-082,HS-LS3,recall,1.0,0.0,1,0
HS-LS3-092,HS-LS3,conceptual,1.0,0.0,1,0
HS-LS3-096,HS-LS3,recall,1.0,0.0,1,0
HS-LS3-100,HS-LS3,recall,1.0,0.0,1,0
HS-LS4-003,HS-LS4,recall,0.259,0.343,0,0
HS-LS4-012,HS-LS4,recall,0.519,0.474,0,0
HS-LS4-097,HS-LS4,recall,0.63,0.399,0,0
HS-LS4-051,HS-LS4,applied,0.667,0.314,0,0
HS-LS4-006,HS-LS4,recall,0.704,0.246,0,0
HS-LS4-056,HS-LS4,applied,0.741,0.343,0,0
HS-LS4-007,HS-LS4,recall,0.815,0.277,0,0
HS-LS4-043,HS-LS4,applied,0.815,0.166,0,0
HS-LS4-047,HS-LS4,applied,0.852,0.166,0,0
HS-LS4-064,HS-LS4,recall,0.852,0.166,0,0
HS-LS4-077,HS-LS4,recall,0.852,0.277,0,0
HS-LS4-085,HS-LS4,applied,0.852,0.277,0,0
HS-LS4-018,HS-LS4,conceptual,0.889,0.222,0,0
HS-LS4-023,HS-LS4,conceptual,0.889,0.314,0,0
HS-LS4-025,HS-LS4,conceptual,0.889,0.222,0,0
HS-LS4-037,HS-LS4,applied,0.889,0.222,0,0
HS-LS4-054,HS-LS4,applied,0.889,0.157,0,0
HS-LS4-063,HS-LS4,recall,0.889,0.222,0,0
HS-LS4-068,HS-LS4,recall,0.889,0.222,0,0
HS-LS4-069,HS-LS4,conceptual,0.889,0.222,0,0
HS-LS4-070,HS-LS4,conceptual,0.889,0.222,0,0
HS-LS4-083,HS-LS4,applied,0.889,0.157,0,0
HS-LS4-094,HS-LS4,conceptual,0.889,0.222,0,0
HS-LS4-001,HS-LS4,recall,0.926,0.139,0,0
HS-LS4-015,HS-LS4,recall,0.926,0.21,0,0
HS-LS4-030,HS-LS4,conceptual,0.926,0.21,0,0
HS-LS4-031,HS-LS4,conceptual,0.926,0.139,0,0
HS-LS4-036,HS-LS4,applied,0.926,0.139,0,0
HS-LS4-055,HS-LS4,applied,0.926,0.139,0,0
HS-LS4-060,HS-LS4,applied,0.926,0.139,0,0
HS-LS4-067,HS-LS4,recall,0.926,0.139,0,0
HS-LS4-072,HS-LS4,conceptual,0.926,0.139,0,0
HS-LS4-080,HS-LS4,conceptual,0.926,0.21,0,0
HS-LS4-081,HS-LS4,conceptual,0.926,0.139,0,0
HS-LS4-084,HS-LS4,applied,0.926,0.139,0,0
HS-LS4-089,HS-LS4,recall,0.926,0.139,0,0
HS-LS4-090,HS-LS4,recall,0.926,0.139,0,0
HS-LS4-096,HS-LS4,conceptual,0.926,0.139,0,0
HS-LS4-009,HS-LS4,recall,0.963,0.105,1,0
HS-LS4-010,HS-LS4,recall,0.963,0.105,1,0
HS-LS4-013,HS-LS4,recall,0.963,0.105,1,0
HS-LS4-017,HS-LS4,recall,0.963,0.105,1,0
HS-LS4-020,HS-LS4,conceptual,0.963,0.105,1,0
HS-LS4-021,HS-LS4,conceptual,0.963,0.105,1,0
HS-LS4-028,HS-LS4,conceptual,0.963,0.105,1,0
HS-LS4-029,HS-LS4,conceptual,0.963,0.105,1,0
HS-LS4-032,HS-LS4,conceptual,0.963,0.105,1,0
HS-LS4-038,HS-LS4,applied,0.963,0.105,1,0
HS-LS4-039,HS-LS4,applied,0.963,0.105,1,0
HS-LS4-040,HS-LS4,applied,0.963,0.105,1,0
HS-LS4-044,HS-LS4,applied,0.963,0.105,1,0
HS-LS4-046,HS-LS4,applied,0.963,0.105,1,0
HS-LS4-049,HS-LS4,applied,0.963,0.105,1,0
HS-LS4-050,HS-LS4,applied,0.963,0.105,1,0
HS-LS4-052,HS-LS4,applied,0.963,0.105,1,0
HS-LS4-053,HS-LS4,applied,0.963,0.105,1,0
HS-LS4-062,HS-LS4,applied,0.963,0.105,1,0
HS-LS4-065,HS-LS4,recall,0.963,0.105,1,0
HS-LS4-071,HS-LS4,conceptual,0.963,0.105,1,0
HS-LS4-078,HS-LS4,conceptual,0.963,0.105,1,0
HS-LS4-086,HS-LS4,applied,0.963,0.105,1,0
HS-LS4-091,HS-LS4,applied,0.963,0.105,1,0
HS-LS4-093,HS-LS4,recall,0.963,0.105,1,0
HS-LS4-002,HS-LS4,recall,1.0,0.0,1,0
HS-LS4-004,HS-LS4,recall,1.0,0.0,1,0
HS-LS4-005,HS-LS4,recall,1.0,0.0,1,0
HS-LS4-008,HS-LS4,recall,1.0,0.0,1,0
HS-LS4-011,HS-LS4,recall,1.0,0.0,1,0
HS-LS4-014,HS-LS4,recall,1.0,0.0,1,0
HS-LS4-016,HS-LS4,recall,1.0,0.0,1,0
HS-LS4-019,HS-LS4,conceptual,1.0,0.0,1,0
HS-LS4-022,HS-LS4,conceptual,1.0,0.0,1,0
HS-LS4-024,HS-LS4,conceptual,1.0,0.0,1,0
HS-LS4-026,HS-LS4,conceptual,1.0,0.0,1,0
HS-LS4-027,HS-LS4,conceptual,1.0,0.0,1,0
HS-LS4-033,HS-LS4,conceptual,1.0,0.0,1,0
HS-LS4-034,HS-LS4,applied,1.0,0.0,1,0
HS-LS4-035,HS-LS4,applied,1.0,0.0,1,0
HS-LS4-042,HS-LS4,applied,1.0,0.0,1,0
HS-LS4-045,HS-LS4,applied,1.0,0.0,1,0
HS-LS4-048,HS-LS4,applied,1.0,0.0,1,0
HS-LS4-057,HS-LS4,applied,1.0,0.0,1,0
HS-LS4-058,HS-LS4,applied,1.0,0.0,1,0
HS-LS4-061,HS-LS4,applied,1.0,0.0,1,0
HS-LS4-066,HS-LS4,recall,1.0,0.0,1,0
HS-LS4-073,HS-LS4,conceptual,1.0,0.0,1,0
HS-LS4-074,HS-LS4,conceptual,1.0,0.0,1,0
HS-LS4-075,HS-LS4,conceptual,1.0,0.0,1,0
HS-LS4-076,HS-LS4,conceptual,1.0,0.0,1,0
HS-LS4-079,HS-LS4,conceptual,1.0,0.0,1,0
HS-LS4-082,HS-LS4,conceptual,1.0,0.0,1,0
HS-LS4-087,HS-LS4,recall,1.0,0.0,1,0
HS-LS4-088,HS-LS4,recall,1.0,0.0,1,0
HS-LS4-092,HS-LS4,recall,1.0,0.0,1,0
HS-LS4-095,HS-LS4,conceptual,1.0,0.0,1,0
HS-PS1-012,HS-PS1,recall,0.704,0.246,0,0
HS-PS1-073,HS-PS1,applied,0.704,0.292,0,0
HS-PS1-016,HS-PS1,recall,0.741,0.262,0,0
HS-PS1-045,HS-PS1,conceptual,0.741,0.343,0,0
HS-PS1-086,HS-PS1,applied,0.741,0.409,0,0
HS-PS1-091,HS-PS1,applied,0.741,0.343,0,0
HS-PS1-099,HS-PS1,conceptual,0.741,0.409,0,0
HS-PS1-006,HS-PS1,recall,0.778,0.351,0,0
HS-PS1-008,HS-PS1,recall,0.778,0.272,0,0
HS-PS1-074,HS-PS1,applied,0.778,0.351,0,0
HS-PS1-075,HS-PS1,applied,0.778,0.351,0,0
HS-PS1-085,HS-PS1,applied,0.778,0.416,0,0
HS-PS1-021,HS-PS1,recall,0.815,0.228,0,0
HS-PS1-037,HS-PS1,conceptual,0.815,0.228,0,0
HS-PS1-044,HS-PS1,conceptual,0.815,0.319,0,0
HS-PS1-049,HS-PS1,conceptual,0.815,0.355,0,0
HS-PS1-066,HS-PS1,applied,0.815,0.355,0,0
HS-PS1-077,HS-PS1,applied,0.815,0.319,0,0
HS-PS1-089,HS-PS1,applied,0.815,0.228,0,0
HS-PS1-002,HS-PS1,recall,0.852,0.228,0,0
HS-PS1-011,HS-PS1,recall,0.852,0.228,0,0
HS-PS1-019,HS-PS1,recall,0.852,0.228,0,0
HS-PS1-031,HS-PS1,conceptual,0.852,0.228,0,0
HS-PS1-040,HS-PS1,conceptual,0.852,0.277,0,0
HS-PS1-041,HS-PS1,conceptual,0.852,0.166,0,0
HS-PS1-051,HS-PS1,conceptual,0.852,0.277,0,0
HS-PS1-057,HS-PS1,conceptual,0.852,0.277,0,0
HS-PS1-071,HS-PS1,applied,0.852,0.319,0,0
HS-PS1-087,HS-PS1,applied,0.852,0.319,0,0
HS-PS1-096,HS-PS1,recall,0.852,0.228,0,0
HS-PS1-009,HS-PS1,recall,0.889,0.157,0,0
HS-PS1-013,HS-PS1,recall,0.889,0.314,0,0
HS-PS1-018,HS-PS1,recall,0.889,0.222,0,0
HS-PS1-025,HS-PS1,recall,0.889,0.314,0,0
HS-PS1-026,HS-PS1,recall,0.889,0.222,0,0
HS-PS1-030,HS-PS1,conceptual,0.889,0.222,0,0
HS-PS1-033,HS-PS1,conceptual,0.889,0.157,0,0
HS-PS1-035,HS-PS1,conceptual,0.889,0.157,0,0
HS-PS1-038,HS-PS1,conceptual,0.889,0.222,0,0
HS-PS1-039,HS-PS1,conceptual,0.889,0.157,0,0
HS-PS1-043,HS-PS1,conceptual,0.889,0.222,0,0
HS-PS1-050,HS-PS1,conceptual,0.889,0.157,0,0
HS-PS1-052,HS-PS1,conceptual,0.889,0.157,0,0
HS-PS1-054,HS-PS1,conceptual,0.889,0.157,0,0
HS-PS1-056,HS-PS1,conceptual,0.889,0.157,0,0
HS-PS1-065,HS-PS1,applied,0.889,0.157,0,0
HS-PS1-068,HS-PS1,applied,0.889,0.222,0,0
HS-PS1-082,HS-PS1,applied,0.889,0.222,0,0
HS-PS1-083,HS-PS1,applied,0.889,0.157,0,0
HS-PS1-094,HS-PS1,recall,0.889,0.222,0,0
HS-PS1-005,HS-PS1,recall,0.926,0.139,0,0
HS-PS1-010,HS-PS1,recall,0.926,0.21,0,0
HS-PS1-014,HS-PS1,recall,0.926,0.139,0,0
HS-PS1-027,HS-PS1,recall,0.926,0.139,0,0
HS-PS1-028,HS-PS1,recall,0.926,0.21,0,0
HS-PS1-029,HS-PS1,conceptual,0.926,0.139,0,0
HS-PS1-034,HS-PS1,conceptual,0.926,0.21,0,0
HS-PS1-042,HS-PS1,conceptual,0.926,0.21,0,0
HS-PS1-047,HS-PS1,conceptual,0.926,0.139,0,0
HS-PS1-053,HS-PS1,conceptual,0.926,0.21,0,0
HS-PS1-055,HS-PS1,conceptual,0.926,0.21,0,0
HS-PS1-058,HS-PS1,conceptual,0.926,0.139,0,0
HS-PS1-060,HS-PS1,applied,0.926,0.139,0,0
HS-PS1-062,HS-PS1,applied,0.926,0.139,0,0
HS-PS1-064,HS-PS1,applied,0.926,0.21,0,0
HS-PS1-076,HS-PS1,applied,0.926,0.139,0,0
HS-PS1-078,HS-PS1,applied,0.926,0.139,0,0
HS-PS1-090,HS-PS1,applied,0.926,0.21,0,0
HS-PS1-092,HS-PS1,applied,0.926,0.139,0,0
HS-PS1-093,HS-PS1,applied,0.926,0.21,0,0
HS-PS1-095,HS-PS1,recall,0.926,0.139,0,0
HS-PS1-098,HS-PS1,recall,0.926,0.139,0,0
HS-PS1-007,HS-PS1,recall,0.963,0.105,1,0
HS-PS1-015,HS-PS1,recall,0.963,0.105,1,0
HS-PS1-017,HS-PS1,recall,0.963,0.105,1,0
HS-PS1-020,HS-PS1,recall,0.963,0.105,1,0
HS-PS1-022,HS-PS1,recall,0.963,0.105,1,0
HS-PS1-024,HS-PS1,recall,0.963,0.105,1,0
HS-PS1-061,HS-PS1,applied,0.963,0.105,1,0
HS-PS1-069,HS-PS1,applied,0.963,0.105,1,0
HS-PS1-072,HS-PS1,applied,0.963,0.105,1,0
HS-PS1-079,HS-PS1,applied,0.963,0.105,1,0
HS-PS1-084,HS-PS1,applied,0.963,0.105,1,0
HS-PS1-088,HS-PS1,applied,0.963,0.105,1,0
HS-PS1-100,HS-PS1,conceptual,0.963,0.105,1,0
HS-PS1-001,HS-PS1,recall,1.0,0.0,1,0
HS-PS1-003,HS-PS1,recall,1.0,0.0,1,0
HS-PS1-004,HS-PS1,recall,1.0,0.0,1,0
HS-PS1-023,HS-PS1,recall,1.0,0.0,1,0
HS-PS1-032,HS-PS1,conceptual,1.0,0.0,1,0
HS-PS1-036,HS-PS1,conceptual,1.0,0.0,1,0
HS-PS1-046,HS-PS1,conceptual,1.0,0.0,1,0
HS-PS1-048,HS-PS1,conceptual,1.0,0.0,1,0
HS-PS1-059,HS-PS1,conceptual,1.0,0.0,1,0
HS-PS1-063,HS-PS1,applied,1.0,0.0,1,0
HS-PS1-070,HS-PS1,applied,1.0,0.0,1,0
HS-PS1-080,HS-PS1,applied,1.0,0.0,1,0
HS-PS1-081,HS-PS1,applied,1.0,0.0,1,0
HS-PS1-097,HS-PS1,recall,1.0,0.0,1,0
HS-PS2-091,HS-PS2,applied,0.704,0.331,0,0
HS-PS2-061,HS-PS2,applied,0.741,0.343,0,0
HS-PS2-081,HS-PS2,recall,0.741,0.262,0,0
HS-PS2-100,HS-PS2,recall,0.778,0.272,0,0
HS-PS2-030,HS-PS2,conceptual,0.815,0.277,0,0
HS-PS2-031,HS-PS2,conceptual,0.815,0.355,0,0
HS-PS2-041,HS-PS2,conceptual,0.815,0.277,0,0
HS-PS2-043,HS-PS2,conceptual,0.852,0.228,0,0
HS-PS2-066,HS-PS2,applied,0.852,0.228,0,0
HS-PS2-075,HS-PS2,applied,0.852,0.166,0,0
HS-PS2-009,HS-PS2,recall,0.889,0.222,0,0
HS-PS2-019,HS-PS2,recall,0.889,0.314,0,0
HS-PS2-024,HS-PS2,conceptual,0.889,0.222,0,0
HS-PS2-035,HS-PS2,conceptual,0.889,0.222,0,0
HS-PS2-037,HS-PS2,conceptual,0.889,0.222,0,0
HS-PS2-039,HS-PS2,conceptual,0.889,0.222,0,0
HS-PS2-048,HS-PS2,applied,0.889,0.314,0,0
HS-PS2-067,HS-PS2,applied,0.889,0.314,0,0
HS-PS2-074,HS-PS2,applied,0.889,0.222,0,0
HS-PS2-076,HS-PS2,recall,0.889,0.222,0,0
HS-PS2-083,HS-PS2,conceptual,0.889,0.222,0,0
HS-PS2-090,HS-PS2,applied,0.889,0.157,0,0
HS-PS2-092,HS-PS2,recall,0.889,0.222,0,0
HS-PS2-094,HS-PS2,recall,0.889,0.314,0,0
HS-PS2-003,HS-PS2,recall,0.926,0.139,0,0
HS-PS2-005,HS-PS2,recall,0.926,0.139,0,0
HS-PS2-006,HS-PS2,recall,0.926,0.139,0,0
HS-PS2-008,HS-PS2,recall,0.926,0.139,0,0
HS-PS2-014,HS-PS2,recall,0.926,0.139,0,0
HS-PS2-017,HS-PS2,recall,0.926,0.139,0,0
HS-PS2-029,HS-PS2,conceptual,0.926,0.21,0,0
HS-PS2-059,HS-PS2,applied,0.926,0.139,0,0
HS-PS2-060,HS-PS2,applied,0.926,0.139,0,0
HS-PS2-065,HS-PS2,applied,0.926,0.139,0,0
HS-PS2-068,HS-PS2,applied,0.926,0.139,0,0
HS-PS2-069,HS-PS2,applied,0.926,0.139,0,0
HS-PS2-071,HS-PS2,applied,0.926,0.139,0,0
HS-PS2-077,HS-PS2,recall,0.926,0.139,0,0
HS-PS2-084,HS-PS2,conceptual,0.926,0.21,0,0
HS-PS2-085,HS-PS2,conceptual,0.926,0.139,0,0
HS-PS2-096,HS-PS2,conceptual,0.926,0.21,0,0
HS-PS2-001,HS-PS2,recall,0.963,0.105,1,0
HS-PS2-011,HS-PS2,recall,0.963,0.105,1,0
HS-PS2-013,HS-PS2,recall,0.963,0.105,1,0
HS-PS2-015,HS-PS2,recall,0.963,0.105,1,0
HS-PS2-018,HS-PS2,recall,0.963,0.105,1,0
HS-PS2-023,HS-PS2,conceptual,0.963,0.105,1,0
HS-PS2-025,HS-PS2,conceptual,0.963,0.105,1,0
HS-PS2-026,HS-PS2,conceptual,0.963,0.105,1,0
HS-PS2-027,HS-PS2,conceptual,0.963,0.105,1,0
HS-PS2-034,HS-PS2,conceptual,0.963,0.105,1,0
HS-PS2-040,HS-PS2,conceptual,0.963,0.105,1,0
HS-PS2-042,HS-PS2,conceptual,0.963,0.105,1,0
HS-PS2-045,HS-PS2,conceptual,0.963,0.105,1,0
HS-PS2-046,HS-PS2,conceptual,0.963,0.105,1,0
HS-PS2-047,HS-PS2,conceptual,0.963,0.105,1,0
HS-PS2-050,HS-PS2,applied,0.963,0.105,1,0
HS-PS2-051,HS-PS2,applied,0.963,0.105,1,0
HS-PS2-052,HS-PS2,applied,0.963,0.105,1,0
HS-PS2-054,HS-PS2,applied,0.963,0.105,1,0
HS-PS2-057,HS-PS2,applied,0.963,0.105,1,0
HS-PS2-072,HS-PS2,applied,0.963,0.105,1,0
HS-PS2-073,HS-PS2,applied,0.963,0.105,1,0
HS-PS2-080,HS-PS2,applied,0.963,0.105,1,0
HS-PS2-082,HS-PS2,recall,0.963,0.105,1,0
HS-PS2-086,HS-PS2,conceptual,0.963,0.105,1,0
HS-PS2-098,HS-PS2,recall,0.963,0.105,1,0
HS-PS2-099,HS-PS2,recall,0.963,0.105,1,0
HS-PS2-002,HS-PS2,recall,1.0,0.0,1,0
HS-PS2-004,HS-PS2,recall,1.0,0.0,1,0
HS-PS2-007,HS-PS2,recall,1.0,0.0,1,0
HS-PS2-010,HS-PS2,recall,1.0,0.0,1,0
HS-PS2-012,HS-PS2,recall,1.0,0.0,1,0
HS-PS2-016,HS-PS2,recall,1.0,0.0,1,0
HS-PS2-020,HS-PS2,conceptual,1.0,0.0,1,0
HS-PS2-021,HS-PS2,conceptual,1.0,0.0,1,0
HS-PS2-022,HS-PS2,conceptual,1.0,0.0,1,0
HS-PS2-028,HS-PS2,conceptual,1.0,0.0,1,0
HS-PS2-032,HS-PS2,conceptual,1.0,0.0,1,0
HS-PS2-033,HS-PS2,conceptual,1.0,0.0,1,0
HS-PS2-036,HS-PS2,conceptual,1.0,0.0,1,0
HS-PS2-038,HS-PS2,conceptual,1.0,0.0,1,0
HS-PS2-044,HS-PS2,conceptual,1.0,0.0,1,0
HS-PS2-049,HS-PS2,applied,1.0,0.0,1,0
HS-PS2-053,HS-PS2,applied,1.0,0.0,1,0
HS-PS2-055,HS-PS2,applied,1.0,0.0,1,0
HS-PS2-056,HS-PS2,applied,1.0,0.0,1,0
HS-PS2-058,HS-PS2,applied,1.0,0.0,1,0
HS-PS2-062,HS-PS2,applied,1.0,0.0,1,0
HS-PS2-063,HS-PS2,applied,1.0,0.0,1,0
HS-PS2-064,HS-PS2,applied,1.0,0.0,1,0
HS-PS2-070,HS-PS2,applied,1.0,0.0,1,0
HS-PS2-079,HS-PS2,recall,1.0,0.0,1,0
HS-PS2-087,HS-PS2,applied,1.0,0.0,1,0
HS-PS2-088,HS-PS2,applied,1.0,0.0,1,0
HS-PS2-089,HS-PS2,applied,1.0,0.0,1,0
HS-PS2-093,HS-PS2,recall,1.0,0.0,1,0
HS-PS2-095,HS-PS2,recall,1.0,0.0,1,0
HS-PS2-097,HS-PS2,recall,1.0,0.0,1,0
HS-PS3-046,HS-PS3,conceptual,0.37,0.292,0,0
HS-PS3-076,HS-PS3,applied,0.407,0.438,0,0
HS-PS3-024,HS-PS3,conceptual,0.556,0.314,0,0
HS-PS3-077,HS-PS3,applied,0.63,0.367,0,0
HS-PS3-049,HS-PS3,conceptual,0.667,0.416,0,0
HS-PS3-066,HS-PS3,applied,0.704,0.331,0,0
HS-PS3-052,HS-PS3,conceptual,0.741,0.378,0,0
HS-PS3-030,HS-PS3,conceptual,0.778,0.314,0,0
HS-PS3-080,HS-PS3,applied,0.778,0.314,0,0
HS-PS3-082,HS-PS3,applied,0.778,0.351,0,0
HS-PS3-097,HS-PS3,conceptual,0.778,0.272,0,0
HS-PS3-015,HS-PS3,recall,0.815,0.355,0,0
HS-PS3-029,HS-PS3,conceptual,0.815,0.277,0,0
HS-PS3-001,HS-PS3,recall,0.852,0.166,0,0
HS-PS3-044,HS-PS3,conceptual,0.852,0.319,0,0
HS-PS3-069,HS-PS3,applied,0.852,0.228,0,0
HS-PS3-074,HS-PS3,applied,0.852,0.228,0,0
HS-PS3-075,HS-PS3,applied,0.852,0.228,0,0
HS-PS3-079,HS-PS3,applied,0.852,0.319,0,0
HS-PS3-009,HS-PS3,recall,0.889,0.157,0,0
HS-PS3-011,HS-PS3,recall,0.889,0.157,0,0
HS-PS3-020,HS-PS3,recall,0.889,0.157,0,0
HS-PS3-022,HS-PS3,conceptual,0.889,0.222,0,0
HS-PS3-051,HS-PS3,conceptual,0.889,0.157,0,0
HS-PS3-054,HS-PS3,applied,0.889,0.157,0,0
HS-PS3-081,HS-PS3,applied,0.889,0.222,0,0
HS-PS3-083,HS-PS3,applied,0.889,0.157,0,0
HS-PS3-084,HS-PS3,applied,0.889,0.314,0,0
HS-PS3-093,HS-PS3,recall,0.889,0.222,0,0
HS-PS3-004,HS-PS3,recall,0.926,0.21,0,0
HS-PS3-014,HS-PS3,recall,0.926,0.139,0,0
HS-PS3-017,HS-PS3,recall,0.926,0.139,0,0
HS-PS3-041,HS-PS3,conceptual,0.926,0.139,0,0
HS-PS3-045,HS-PS3,conceptual,0.926,0.139,0,0
HS-PS3-050,HS-PS3,conceptual,0.926,0.139,0,0
HS-PS3-062,HS-PS3,applied,0.926,0.139,0,0
HS-PS3-065,HS-PS3,applied,0.926,0.139,0,0
HS-PS3-067,HS-PS3,applied,0.926,0.139,0,0
HS-PS3-068,HS-PS3,applied,0.926,0.139,0,0
HS-PS3-070,HS-PS3,applied,0.926,0.139,0,0
HS-PS3-071,HS-PS3,applied,0.926,0.139,0,0
HS-PS3-086,HS-PS3,applied,0.926,0.139,0,0
HS-PS3-005,HS-PS3,recall,0.963,0.105,1,0
HS-PS3-006,HS-PS3,recall,0.963,0.105,1,0
HS-PS3-007,HS-PS3,recall,0.963,0.105,1,0
HS-PS3-010,HS-PS3,recall,0.963,0.105,1,0
HS-PS3-012,HS-PS3,recall,0.963,0.105,1,0
HS-PS3-019,HS-PS3,recall,0.963,0.105,1,0
HS-PS3-021,HS-PS3,recall,0.963,0.105,1,0
HS-PS3-023,HS-PS3,conceptual,0.963,0.105,1,0
HS-PS3-025,HS-PS3,conceptual,0.963,0.105,1,0
HS-PS3-026,HS-PS3,conceptual,0.963,0.105,1,0
HS-PS3-028,HS-PS3,conceptual,0.963,0.105,1,0
HS-PS3-032,HS-PS3,conceptual,0.963,0.105,1,0
HS-PS3-035,HS-PS3,conceptual,0.963,0.105,1,0
HS-PS3-039,HS-PS3,conceptual,0.963,0.105,1,0
HS-PS3-057,HS-PS3,applied,0.963,0.105,1,0
HS-PS3-059,HS-PS3,applied,0.963,0.105,1,0
HS-PS3-060,HS-PS3,applied,0.963,0.105,1,0
HS-PS3-061,HS-PS3,applied,0.963,0.105,1,0
HS-PS3-063,HS-PS3,applied,0.963,0.105,1,0
HS-PS3-064,HS-PS3,applied,0.963,0.105,1,0
HS-PS3-088,HS-PS3,recall,0.963,0.105,1,0
HS-PS3-090,HS-PS3,recall,0.963,0.105,1,0
HS-PS3-094,HS-PS3,recall,0.963,0.105,1,0
HS-PS3-095,HS-PS3,recall,0.963,0.105,1,0
HS-PS3-100,HS-PS3,recall,0.963,0.105,1,0
HS-PS3-002,HS-PS3,recall,1.0,0.0,1,0
HS-PS3-003,HS-PS3,recall,1.0,0.0,1,0
HS-PS3-013,HS-PS3,recall,1.0,0.0,1,0
HS-PS3-016,HS-PS3,recall,1.0,0.0,1,0
HS-PS3-018,HS-PS3,recall,1.0,0.0,1,0
HS-PS3-027,HS-PS3,conceptual,1.0,0.0,1,0
HS-PS3-031,HS-PS3,conceptual,1.0,0.0,1,0
HS-PS3-036,HS-PS3,conceptual,1.0,0.0,1,0
HS-PS3-037,HS-PS3,conceptual,1.0,0.0,1,0
HS-PS3-038,HS-PS3,conceptual,1.0,0.0,1,0
HS-PS3-040,HS-PS3,conceptual,1.0,0.0,1,0
HS-PS3-042,HS-PS3,conceptual,1.0,0.0,1,0
HS-PS3-043,HS-PS3,conceptual,1.0,0.0,1,0
HS-PS3-048,HS-PS3,conceptual,1.0,0.0,1,0
HS-PS3-053,HS-PS3,applied,1.0,0.0,1,0
HS-PS3-055,HS-PS3,applied,1.0,0.0,1,0
HS-PS3-056,HS-PS3,applied,1.0,0.0,1,0
HS-PS3-058,HS-PS3,applied,1.0,0.0,1,0
HS-PS3-072,HS-PS3,applied,1.0,0.0,1,0
HS-PS3-073,HS-PS3,applied,1.0,0.0,1,0
HS-PS3-087,HS-PS3,recall,1.0,0.0,1,0
HS-PS3-089,HS-PS3,recall,1.0,0.0,1,0
HS-PS3-091,HS-PS3,recall,1.0,0.0,1,0
HS-PS3-092,HS-PS3,recall,1.0,0.0,1,0
HS-PS3-096,HS-PS3,conceptual,1.0,0.0,1,0
HS-PS3-099,HS-PS3,recall,1.0,0.0,1,0
HS-PS4-050,HS-PS4,applied,0.741,0.409,0,0
HS-PS4-038,HS-PS4,conceptual,0.778,0.351,0,0
HS-PS4-044,HS-PS4,applied,0.778,0.314,0,0
HS-PS4-082,HS-PS4,applied,0.778,0.314,0,0
HS-PS4-037,HS-PS4,conceptual,0.815,0.228,0,0
HS-PS4-041,HS-PS4,conceptual,0.815,0.355,0,0
HS-PS4-019,HS-PS4,conceptual,0.852,0.228,0,0
HS-PS4-027,HS-PS4,conceptual,0.852,0.228,0,0
HS-PS4-079,HS-PS4,applied,0.852,0.166,0,0
HS-PS4-081,HS-PS4,applied,0.852,0.228,0,0
HS-PS4-034,HS-PS4,conceptual,0.889,0.222,0,0
HS-PS4-036,HS-PS4,conceptual,0.889,0.222,0,0
HS-PS4-045,HS-PS4,applied,0.889,0.157,0,0
HS-PS4-052,HS-PS4,applied,0.889,0.222,0,0
HS-PS4-085,HS-PS4,conceptual,0.889,0.222,0,0
HS-PS4-094,HS-PS4,conceptual,0.889,0.222,0,0
HS-PS4-097,HS-PS4,recall,0.889,0.222,0,0
HS-PS4-098,HS-PS4,recall,0.889,0.157,0,0
HS-PS4-015,HS-PS4,recall,0.926,0.139,0,0
HS-PS4-022,HS-PS4,conceptual,0.926,0.21,0,0
HS-PS4-023,HS-PS4,conceptual,0.926,0.139,0,0
HS-PS4-025,HS-PS4,conceptual,0.926,0.139,0,0
HS-PS4-029,HS-PS4,conceptual,0.926,0.139,0,0
HS-PS4-030,HS-PS4,conceptual,0.926,0.21,0,0
HS-PS4-032,HS-PS4,conceptual,0.926,0.139,0,0
HS-PS4-033,HS-PS4,conceptual,0.926,0.139,0,0
HS-PS4-040,HS-PS4,conceptual,0.926,0.139,0,0
HS-PS4-046,HS-PS4,applied,0.926,0.139,0,0
HS-PS4-051,HS-PS4,applied,0.926,0.139,0,0
HS-PS4-054,HS-PS4,applied,0.926,0.139,0,0
HS-PS4-065,HS-PS4,applied,0.926,0.139,0,0
HS-PS4-067,HS-PS4,applied,0.926,0.139,0,0
HS-PS4-068,HS-PS4,applied,0.926,0.21,0,0
HS-PS4-073,HS-PS4,recall,0.926,0.139,0,0
HS-PS4-086,HS-PS4,conceptual,0.926,0.21,0,0
HS-PS4-089,HS-PS4,recall,0.926,0.139,0,0
HS-PS4-100,HS-PS4,conceptual,0.926,0.139,0,0
HS-PS4-001,HS-PS4,recall,0.963,0.105,1,0
HS-PS4-002,HS-PS4,recall,0.963,0.105,1,0
HS-PS4-004,HS-PS4,recall,0.963,0.105,1,0
HS-PS4-008,HS-PS4,recall,0.963,0.105,1,0
HS-PS4-009,HS-PS4,recall,0.963,0.105,1,0
HS-PS4-011,HS-PS4,recall,0.963,0.105,1,0
HS-PS4-018,HS-PS4,conceptual,0.963,0.105,1,0
HS-PS4-021,HS-PS4,conceptual,0.963,0.105,1,0
HS-PS4-026,HS-PS4,conceptual,0.963,0.105,1,0
HS-PS4-035,HS-PS4,conceptual,0.963,0.105,1,0
HS-PS4-042,HS-PS4,conceptual,0.963,0.105,1,0
HS-PS4-043,HS-PS4,applied,0.963,0.105,1,0
HS-PS4-048,HS-PS4,applied,0.963,0.105,1,0
HS-PS4-057,HS-PS4,applied,0.963,0.105,1,0
HS-PS4-060,HS-PS4,applied,0.963,0.105,1,0
HS-PS4-062,HS-PS4,applied,0.963,0.105,1,0
HS-PS4-063,HS-PS4,applied,0.963,0.105,1,0
HS-PS4-064,HS-PS4,applied,0.963,0.105,1,0
HS-PS4-066,HS-PS4,applied,0.963,0.105,1,0
HS-PS4-069,HS-PS4,applied,0.963,0.105,1,0
HS-PS4-070,HS-PS4,recall,0.963,0.105,1,0
HS-PS4-072,HS-PS4,recall,0.963,0.105,1,0
HS-PS4-076,HS-PS4,conceptual,0.963,0.105,1,0
HS-PS4-084,HS-PS4,conceptual,0.963,0.105,1,0
HS-PS4-087,HS-PS4,applied,0.963,0.105,1,0
HS-PS4-090,HS-PS4,conceptual,0.963,0.105,1,0
HS-PS4-091,HS-PS4,recall,0.963,0.105,1,0
HS-PS4-095,HS-PS4,recall,0.963,0.105,1,0
HS-PS4-096,HS-PS4,recall,0.963,0.105,1,0
HS-PS4-003,HS-PS4,recall,1.0,0.0,1,0
HS-PS4-005,HS-PS4,recall,1.0,0.0,1,0
HS-PS4-006,HS-PS4,recall,1.0,0.0,1,0
HS-PS4-007,HS-PS4,recall,1.0,0.0,1,0
HS-PS4-010,HS-PS4,recall,1.0,0.0,1,0
HS-PS4-012,HS-PS4,recall,1.0,0.0,1,0
HS-PS4-013,HS-PS4,recall,1.0,0.0,1,0
HS-PS4-014,HS-PS4,recall,1.0,0.0,1,0
HS-PS4-016,HS-PS4,recall,1.0,0.0,1,0
HS-PS4-017,HS-PS4,recall,1.0,0.0,1,0
HS-PS4-020,HS-PS4,conceptual,1.0,0.0,1,0
HS-PS4-028,HS-PS4,conceptual,1.0,0.0,1,0
HS-PS4-031,HS-PS4,conceptual,1.0,0.0,1,0
HS-PS4-039,HS-PS4,conceptual,1.0,0.0,1,0
HS-PS4-047,HS-PS4,applied,1.0,0.0,1,0
HS-PS4-049,HS-PS4,applied,1.0,0.0,1,0
HS-PS4-053,HS-PS4,applied,1.0,0.0,1,0
HS-PS4-055,HS-PS4,applied,1.0,0.0,1,0
HS-PS4-056,HS-PS4,applied,1.0,0.0,1,0
HS-PS4-058,HS-PS4,applied,1.0,0.0,1,0
HS-PS4-059,HS-PS4,applied,1.0,0.0,1,0
HS-PS4-061,HS-PS4,applied,1.0,0.0,1,0
HS-PS4-071,HS-PS4,recall,1.0,0.0,1,0
HS-PS4-074,HS-PS4,recall,1.0,0.0,1,0
HS-PS4-075,HS-PS4,conceptual,1.0,0.0,1,0
HS-PS4-077,HS-PS4,applied,1.0,0.0,1,0
HS-PS4-078,HS-PS4,applied,1.0,0.0,1,0
HS-PS4-080,HS-PS4,applied,1.0,0.0,1,0
HS-PS4-088,HS-PS4,recall,1.0,0.0,1,0
HS-PS4-092,HS-PS4,recall,1.0,0.0,1,0
HS-PS4-093,HS-PS4,recall,1.0,0.0,1,0
HS-PS4-099,HS-PS4,recall,1.0,0.0,1,0
