model,area,n,input_mean,input_sd,output_mean,output_sd,reasoning_mean,reasoning_sd,total_mean,total_sd,total_sum,reasoning_available_frac
Gemma 3 27b,HS-ESS1,285,113.8,10.4,267.3,76.2,0.0,0.0,381.2,75.4,108630,0.0
Gemma 3 27b,HS-ESS2,288,112.1,8.8,265.3,75.8,0.0,0.0,377.4,75.0,108695,0.0
Gemma 3 27b,HS-ESS3,294,115.5,14.3,282.1,70.1,0.0,0.0,397.6,73.6,116885,0.0
Gemma 3 27b,HS-ETS1,291,116.6,14.4,275.3,75.6,0.0,0.0,391.9,76.8,114045,0.0
Gemma 3 27b,HS-LS1,294,113.0,10.8,246.0,67.1,0.0,0.0,359.0,67.9,105549,0.0
Gemma 3 27b,HS-LS2,264,114.5,13.8,245.5,63.1,0.0,0.0,360.0,63.9,95043,0.0
Gemma 3 27b,HS-LS3,282,111.4,10.6,276.7,79.3,0.0,0.0,388.2,81.3,109461,0.0
Gemma 3 27b,HS-LS4,285,116.3,15.9,267.8,66.5,0.0,0.0,384.1,66.0,109482,0.0
Gemma 3 27b,HS-PS1,297,114.1,13.4,236.5,65.5,0.0,0.0,350.5,67.3,104112,0.0
Gemma 3 27b,HS-PS2,297,115.1,11.3,261.9,67.4,0.0,0.0,377.1,71.1,111985,0.0
Gemma 3 27b,HS-PS3,279,113.9,12.6,240.6,59.3,0.0,0.0,354.5,60.0,98896,0.0
Gemma 3 27b,HS-PS4,294,115.2,12.4,251.2,72.2,0.0,0.0,366.4,72.0,107717,0.0
Gemma 4 31b,HS-ESS1,285,122.8,10.4,356.8,86.7,0.0,0.0,479.7,84.8,136702,0.0
Gemma 4 31b,HS-ESS2,288,121.1,8.8,362.7,97.3,0.0,0.0,483.8,96.3,139324,0.0
Gemma 4 31b,HS-ESS3,294,124.5,14.3,395.9,78.2,0.0,0.0,520.3,78.1,152978,0.0
Gemma 4 31b,HS-ETS1,291,125.6,14.4,417.4,97.9,0.0,0.0,543.0,91.8,157999,0.0
Gemma 4 31b,HS-LS1,294,122.0,10.8,351.6,101.9,0.0,0.0,473.6,101.1,139243,0.0
Gemma 4 31b,HS-LS2,264,123.5,13.8,365.0,91.9,0.0,0.0,488.5,86.9,128964,0.0
Gemma 4 31b,HS-LS3,282,120.4,10.6,383.7,85.5,0.0,0.0,504.2,82.9,142183,0.0
Gemma 4 31b,HS-LS4,285,125.3,15.9,372.6,82.8,0.0,0.0,497.9,75.6,141905,0.0
Gemma 4 31b,HS-PS1,297,123.1,13.4,348.1,83.8,0.0,0.0,471.2,81.1,139935,0.0
Gemma 4 31b,HS-PS2,297,124.1,11.3,356.7,92.0,0.0,0.0,480.8,91.4,142811,0.0
Gemma 4 31b,HS-PS3,279,122.9,12.6,343.0,88.6,0.0,0.0,465.9,86.1,129977,0.0
Gemma 4 31b,HS-PS4,294,124.2,12.4,374.1,96.0,0.0,0.0,498.2,94.2,146483,0.0
Granite 3.3 Instruct,HS-ESS1,285,128.2,11.4,301.5,103.7,0.0,0.0,429.7,104.6,122462,0.0
Granite 3.3 Instruct,HS-ESS2,288,128.1,10.9,332.7,113.6,0.0,0.0,460.8,114.8,132721,0.0
Granite 3.3 Instruct,HS-ESS3,294,131.7,16.8,345.9,114.1,0.0,0.0,477.6,120.5,140413,0.0
Granite 3.3 Instruct,HS-ETS1,291,130.4,17.1,282.9,111.2,0.0,0.0,413.4,113.4,120292,0.0
Granite 3.3 Instruct,HS-LS1,294,128.2,13.3,315.6,123.1,0.0,0.0,443.9,125.6,130495,0.0
Granite 3.3 Instruct,HS-LS2,264,130.8,17.6,307.9,123.5,0.0,0.0,438.7,129.0,115818,0.0
Granite 3.3 Instruct,HS-LS3,282,125.4,12.5,309.8,119.4,0.0,0.0,435.2,121.3,122726,0.0
Granite 3.3 Instruct,HS-LS4,285,132.1,19.8,311.3,111.6,0.0,0.0,443.3,113.5,126351,0.0
Granite 3.3 Instruct,HS-PS1,297,128.8,15.8,297.3,117.4,0.0,0.0,426.1,123.9,126565,0.0
Granite 3.3 Instruct,HS-PS2,297,129.3,13.0,310.3,128.8,0.0,0.0,439.6,134.8,130549,0.0
Granite 3.3 Instruct,HS-PS3,279,127.1,13.6,272.4,101.5,0.0,0.0,399.4,106.8,111445,0.0
Granite 3.3 Instruct,HS-PS4,294,129.1,14.3,286.0,99.9,0.0,0.0,415.1,102.7,122038,0.0
Llama 3.1 8b,HS-ESS1,285,135.7,10.1,297.9,81.2,0.0,0.0,433.6,82.6,123582,0.0
Llama 3.1 8b,HS-ESS2,288,134.7,8.8,301.7,88.0,0.0,0.0,436.4,88.3,125674,0.0
Llama 3.1 8b,HS-ESS3,294,137.8,13.9,324.3,76.3,0.0,0.0,462.1,80.4,135854,0.0
Llama 3.1 8b,HS-ETS1,291,138.5,14.1,306.1,84.7,0.0,0.0,444.6,84.5,129370,0.0
Llama 3.1 8b,HS-LS1,294,135.6,10.9,282.8,87.0,0.0,0.0,418.4,89.2,123005,0.0
Llama 3.1 8b,HS-LS2,264,136.9,13.5,282.2,79.5,0.0,0.0,419.1,79.9,110643,0.0
Llama 3.1 8b,HS-LS3,282,133.8,10.6,303.2,104.9,0.0,0.0,437.0,105.9,123228,0.0
Llama 3.1 8b,HS-LS4,285,138.8,16.0,315.3,97.0,0.0,0.0,454.2,99.5,129436,0.0
Llama 3.1 8b,HS-PS1,297,136.4,13.1,275.6,82.7,0.0,0.0,412.0,86.2,122378,0.0
Llama 3.1 8b,HS-PS2,297,137.1,10.6,263.1,78.0,0.0,0.0,400.2,81.4,118853,0.0
Llama 3.1 8b,HS-PS3,279,135.3,11.2,254.4,73.2,0.0,0.0,389.7,76.3,108722,0.0
Llama 3.1 8b,HS-PS4,294,136.9,11.8,270.8,84.9,0.0,0.0,407.7,85.2,119872,0.0
Llama 3.3 70b,HS-ESS1,285,135.7,10.1,244.8,72.6,0.0,0.0,380.5,74.1,108455,0.0
Llama 3.3 70b,HS-ESS2,288,134.7,8.8,241.3,76.9,0.0,0.0,375.9,77.1,108268,0.0
Llama 3.3 70b,HS-ESS3,294,137.8,13.9,256.0,63.0,0.0,0.0,393.8,66.5,115787,0.0
Llama 3.3 70b,HS-ETS1,291,138.5,14.1,230.3,77.4,0.0,0.0,368.8,75.8,107309,0.0
Llama 3.3 70b,HS-LS1,294,135.6,10.9,222.4,77.3,0.0,0.0,358.0,79.1,105245,0.0
Llama 3.3 70b,HS-LS2,264,136.9,13.5,225.8,71.6,0.0,0.0,362.7,72.3,95752,0.0
Llama 3.3 70b,HS-LS3,282,133.8,10.6,241.5,75.1,0.0,0.0,375.3,76.1,105827,0.0
Llama 3.3 70b,HS-LS4,285,138.8,16.0,255.0,66.4,0.0,0.0,393.8,66.5,112233,0.0
Llama 3.3 70b,HS-PS1,297,136.4,13.1,217.5,68.7,0.0,0.0,353.9,71.5,105102,0.0
Llama 3.3 70b,HS-PS2,297,137.1,10.6,206.4,63.9,0.0,0.0,343.4,66.9,102000,0.0
Llama 3.3 70b,HS-PS3,279,135.3,11.2,200.7,68.0,0.0,0.0,336.0,70.7,93756,0.0
Llama 3.3 70b,HS-PS4,294,136.9,11.8,207.1,71.7,0.0,0.0,344.0,73.7,101146,0.0
Mistral Small 3.1,HS-ESS1,285,108.9,10.5,298.8,81.6,0.0,0.0,407.7,83.0,116182,0.0
Mistral Small 3.1,HS-ESS2,288,107.4,8.8,306.5,81.4,0.0,0.0,413.9,82.2,119202,0.0
Mistral Small 3.1,HS-ESS3,294,111.2,14.3,336.3,83.1,0.0,0.0,447.5,88.8,131559,0.0
Mistral Small 3.1,HS-ETS1,291,111.9,14.6,338.5,93.1,0.0,0.0,450.4,94.6,131065,0.0
Mistral Small 3.1,HS-LS1,294,108.0,11.0,304.3,92.7,0.0,0.0,412.4,93.7,121231,0.0
Mistral Small 3.1,HS-LS2,264,110.3,14.3,297.2,82.6,0.0,0.0,407.5,85.1,107580,0.0
Mistral Small 3.1,HS-LS3,282,106.6,10.5,309.6,87.1,0.0,0.0,416.1,87.5,117351,0.0
Mistral Small 3.1,HS-LS4,285,112.1,16.5,304.3,73.5,0.0,0.0,416.5,75.0,118689,0.0
Mistral Small 3.1,HS-PS1,297,109.4,13.5,276.6,94.8,0.0,0.0,386.0,97.5,114639,0.0
Mistral Small 3.1,HS-PS2,297,110.3,11.3,282.7,84.8,0.0,0.0,393.0,87.7,116722,0.0
Mistral Small 3.1,HS-PS3,279,109.0,12.2,279.1,81.8,0.0,0.0,388.1,84.8,108270,0.0
Mistral Small 3.1,HS-PS4,294,110.3,12.3,283.6,89.4,0.0,0.0,393.8,88.8,115784,0.0
Nemotron 3 Nano 30ba3,HS-ESS1,285,119.9,10.5,446.5,184.0,0.0,0.0,566.4,185.9,161425,0.0
Nemotron 3 Nano 30ba3,HS-ESS2,288,118.4,8.8,457.2,220.2,0.0,0.0,575.6,222.0,165767,0.0
Nemotron 3 Nano 30ba3,HS-ESS3,294,122.2,14.3,466.0,198.0,0.0,0.0,588.2,201.9,172939,0.0
Nemotron 3 Nano 30ba3,HS-ETS1,291,122.9,14.6,445.5,192.0,0.0,0.0,568.4,194.3,165411,0.0
Nemotron 3 Nano 30ba3,HS-LS1,294,119.0,11.0,392.6,169.7,0.0,0.0,511.6,172.7,150415,0.0
Nemotron 3 Nano 30ba3,HS-LS2,264,121.3,14.3,388.8,191.3,0.0,0.0,510.0,192.1,134645,0.0
Nemotron 3 Nano 30ba3,HS-LS3,282,117.6,10.5,412.5,265.9,0.0,0.0,530.1,267.6,149492,0.0
Nemotron 3 Nano 30ba3,HS-LS4,285,123.1,16.5,398.3,226.5,0.0,0.0,521.4,229.0,148609,0.0
Nemotron 3 Nano 30ba3,HS-PS1,297,120.4,13.5,384.6,172.2,0.0,0.0,505.0,174.5,149999,0.0
Nemotron 3 Nano 30ba3,HS-PS2,297,121.3,11.3,404.0,170.3,0.0,0.0,525.3,171.9,156015,0.0
Nemotron 3 Nano 30ba3,HS-PS3,279,120.0,12.2,388.1,200.3,0.0,0.0,508.1,201.9,141758,0.0
Nemotron 3 Nano 30ba3,HS-PS4,294,121.3,12.3,433.6,185.1,0.0,0.0,554.9,186.6,163127,0.0
OSS 120b,HS-ESS1,285,170.5,10.0,757.2,283.0,0.0,0.0,927.8,282.1,264417,0.0
OSS 120b,HS-ESS2,288,169.0,8.7,778.7,325.2,0.0,0.0,947.7,326.0,272925,0.0
OSS 120b,HS-ESS3,294,172.6,13.8,845.9,313.0,0.0,0.0,1018.5,317.0,299431,0.0
OSS 120b,HS-ETS1,291,173.5,14.1,825.9,296.4,0.0,0.0,999.4,294.0,290818,0.0
OSS 120b,HS-LS1,294,170.3,10.9,673.9,295.3,0.0,0.0,844.1,296.0,248168,0.0
OSS 120b,HS-LS2,264,171.7,13.5,675.8,276.2,0.0,0.0,847.5,274.8,223748,0.0
OSS 120b,HS-LS3,282,168.7,10.5,672.6,268.3,0.0,0.0,841.3,266.0,237246,0.0
OSS 120b,HS-LS4,285,173.7,15.9,677.5,261.4,0.0,0.0,851.2,260.3,242583,0.0
OSS 120b,HS-PS1,297,171.3,13.1,716.5,250.4,0.0,0.0,887.8,248.4,263662,0.0
OSS 120b,HS-PS2,297,171.9,10.5,669.8,256.8,0.0,0.0,841.7,255.1,249979,0.0
OSS 120b,HS-PS3,279,170.3,11.2,681.3,287.1,0.0,0.0,851.6,287.4,237588,0.0
OSS 120b,HS-PS4,294,171.8,11.7,711.2,303.1,0.0,0.0,883.0,302.3,259592,0.0
OSS 20b,HS-ESS1,285,170.5,10.0,586.0,239.4,0.0,0.0,756.5,240.5,215599,0.0
OSS 20b,HS-ESS2,288,169.0,8.7,609.6,302.6,0.0,0.0,778.6,304.2,224233,0.0
OSS 20b,HS-ESS3,294,172.6,13.8,562.6,265.8,0.0,0.0,735.2,270.2,216160,0.0
OSS 20b,HS-ETS1,291,173.5,14.1,592.1,258.3,0.0,0.0,765.6,259.8,222781,0.0
OSS 20b,HS-LS1,294,170.3,10.9,525.3,255.3,0.0,0.0,695.6,257.4,204495,0.0
OSS 20b,HS-LS2,264,171.7,13.5,511.1,220.6,0.0,0.0,682.8,221.0,180268,0.0
OSS 20b,HS-LS3,282,168.7,10.5,518.0,234.2,0.0,0.0,686.7,234.7,193638,0.0
OSS 20b,HS-LS4,285,173.7,15.9,513.2,237.9,0.0,0.0,686.9,240.4,195760,0.0
OSS 20b,HS-PS1,297,171.3,13.1,549.6,252.5,0.0,0.0,720.9,254.1,214112,0.0
OSS 20b,HS-PS2,297,171.9,10.5,556.2,245.3,0.0,0.0,728.1,245.4,216237,0.0
OSS 20b,HS-PS3,279,170.3,11.2,546.9,281.9,0.0,0.0,717.2,284.2,200102,0.0
OSS 20b,HS-PS4,294,171.8,11.7,553.2,265.5,0.0,0.0,725.0,266.8,213145,0.0
